Lat,Long,Confirmed,Deaths,Recovered,cluster
14.6415,-61.0242,0,0,0,2
18.9712,-72.2852,1174,33,22,2
11.8037,-15.1804,1195,7,42,2
23.885942,45.079162,9362,97,1398,2
23.8298,108.7881,254,2,252,2
-14.235,-51.9253,465166,27878,189476,1
-1.9403,29.8739,0,0,0,2
53.9333,-116.5765,0,0,0,2
11.8037,-15.1804,0,0,0,2
16.742498,-62.187366,11,1,2,2
55.1694,23.8813,1815,78,1503,2
-12.4634,130.8456,0,0,0,2
17.357822,-62.782998,0,0,0,2
-33.8688,151.2093,112,2,4,2
-0.228,15.8277,0,0,0,2
46.2276,2.2137,201285,30046,71639,1
51.9194,19.1451,32527,1375,17573,2
44.0935,113.9448,232,1,206,2
10.6918,-61.2225,114,8,20,2
-20.348404,57.552152,332,10,322,2
15.415,-61.371,0,0,0,2
40.463667,-3.74922,2,0,2,2
31.24,36.51,1131,11,1035,2
35.1917,108.8701,256,3,252,2
-26.5225,31.4659,187,2,48,2
46.8852,-56.3159,0,0,0,2
42.5063,1.5218,880,52,803,2
25.3548,51.1839,11244,10,1066,2
53.9333,-116.5765,8596,161,0,2
-27.4698,153.0251,987,5,372,2
8.538,-80.7821,0,0,0,2
30.0572,107.874,579,6,573,2
8.460555000000001,-11.779889,1678,64,1213,2
32.3078,-64.7505,146,9,133,2
41.6086,21.7453,1,0,0,2
12.9843,-61.2872,0,0,0,2
-21.1151,55.5364,0,0,0,2
34.802075,38.99681500000001,47,3,0,2
25.3548,51.1839,90778,104,73083,2
42.708678000000006,19.37439,326,9,315,2
4.860416000000002,-58.93018000000001,139,11,67,2
-11.6455,43.3333,87,2,24,2
26.3351,17.228331,0,0,0,2
38.861,71.2761,0,0,0,2
44.0165,21.0059,11571,246,6910,2
-12.8275,45.166244,94,1,10,2
44.0165,21.0059,384,4,15,2
11.8037,-15.1804,0,0,0,2
46.8625,103.8467,230,0,202,2
46.8182,8.2275,34000,1975,30500,2
9.3077,2.3158,0,0,0,2
29.1832,120.0934,1145,0,360,2
60.472,8.4689,9015,254,8138,2
23.6345,-102.5528,4,0,0,2
26.0275,50.55,14383,24,9056,2
3.9193,-56.0278,187,3,9,2
27.5142,90.4336,7,0,3,2
3.9193,-56.0278,0,0,0,2
23.6345,-102.5528,0,0,0,2
15.1794,39.7823,251,0,155,2
46.5107,-63.4168,36,0,0,2
-42.8821,147.3272,227,13,182,2
53.7609,-98.8139,273,6,0,2
46.8182,8.2275,8,0,0,2
-4.0383,21.7587,991,41,136,2
-22.9576,18.4904,23,0,14,2
22.3,114.2,1247,7,1125,2
48.3794,31.1656,63169,1570,35035,2
35.9375,14.3754,90,0,2,2
23.3417,113.4244,1322,4,524,2
9.3077,2.3158,130,2,57,2
-22.9576,18.4904,2,0,0,2
23.3417,113.4244,1592,8,1581,2
12.9843,-61.2872,0,0,0,2
17.0608,-61.7964,68,3,23,2
51.9194,19.1451,20619,982,8731,2
53.7098,27.9534,64224,443,52854,2
47.5162,14.5501,0,0,0,2
-35.6751,-71.543,92855,806,30915,2
-22.9576,18.4904,14,0,2,2
33.223191,43.679291,71,8,15,2
15.7835,-90.2308,2265,45,159,2
-51.7963,-59.5236,13,0,11,2
17.607789,8.081666,920,58,738,2
21.69400000000001,-71.7979,0,0,0,2
6.4280550000000005,-9.429499,0,0,0,2
-1.8312,-78.1834,9468,474,1061,2
-35.4735,149.0124,78,1,2,2
4.860416000000002,-58.93018000000001,73,7,12,2
22.3,114.2,1047,4,985,2
24.2155,-12.8858,6,0,5,2
47.14,9.55,0,0,0,2
-0.228,15.8277,264,10,30,2
35.9375,14.3754,0,0,0,2
22.1667,113.55,45,0,37,2
39.3999,-8.2245,0,0,0,2
32.9711,119.455,631,0,630,2
33.886917,9.537499,1306,50,1087,2
53.1355,-57.6604,260,3,0,2
12.9843,-61.2872,0,0,0,2
25.025885,-78.035889,0,0,0,2
17.357822,-62.782998,10,0,0,2
32.3078,-64.7505,0,0,0,2
61.8926,-6.9118,140,0,47,2
32.427908,53.68804599999999,0,0,0,2
-40.9006,174.886,1504,21,1461,2
49.8153,6.1296,2804,36,500,2
-0.0236,37.9062,4952,128,1782,2
15.415,-61.371,0,0,0,2
-9.19,-75.0152,45928,1286,13550,2
-11.2027,17.8739,48,2,14,2
-14.235,-51.9253,772416,39680,413916,4
35.1917,108.8701,320,3,308,2
16.742498,-62.187366,12,1,10,2
24.974,101.487,185,2,183,2
47.1625,19.5033,4315,596,3222,2
35.1917,108.8701,245,1,173,2
35.7452,95.9956,18,0,18,2
19.1959,109.7453,171,6,165,2
23.6345,-102.5528,7,0,1,2
33.223191,43.679291,13481,370,5572,2
0.1864,6.6131,0,0,0,2
15.415,-61.371,16,0,8,2
4.210483999999999,101.975766,238,0,35,2
60.472,8.4689,996,0,1,2
-17.6797,149.4068,30,0,0,2
23.3417,113.4244,1524,8,1387,2
18.2206,-63.0686,0,0,0,2
9.9456,-9.6966,1495,7,329,2
16.5388,-23.0418,3,0,0,2
37.2692,106.1655,75,0,75,2
46.2276,2.2137,186118,29010,67510,1
11.8037,-15.1804,0,0,0,2
12.2383,-1.5616,967,53,846,2
46.5653,-66.4619,118,0,0,2
21.0079,-10.9408,6,1,2,2
18.2206,-63.0686,0,0,0,2
53.7267,-127.6476,1,0,0,2
16.265,-61.551,125,6,24,2
64.2823,-135.0,0,0,0,2
18.2206,-63.0686,0,0,0,2
-27.4698,153.0251,2,0,0,2
15.4542,18.7322,0,0,0,2
47.1625,19.5033,0,0,0,2
43.6661,126.1923,155,2,153,2
42.708678000000006,19.37439,0,0,0,2
12.2383,-1.5616,0,0,0,2
23.8298,108.7881,255,2,252,2
-11.2027,17.8739,386,21,117,2
17.9,-62.8333,1,0,0,2
42.7339,25.4858,3984,207,2171,2
7.54,-5.5471,1275,14,574,2
40.463667,-3.74922,0,0,0,2
53.1355,-57.6604,244,3,0,2
26.0789,117.9874,261,0,39,2
30.3753,69.3451,0,0,0,2
13.4432,-15.3101,24,1,13,2
-0.7893,113.9213,9511,773,1254,2
7.54,-5.5471,3557,36,1750,2
1.6508,10.2679,0,0,0,2
9.7489,-83.7534,0,0,0,2
53.9333,-116.5765,4017,72,0,2
31.202,121.4491,96,1,5,2
12.2383,-1.5616,736,48,562,2
-20.348404,57.552152,273,7,19,2
23.7,121.0,445,7,434,2
-16.2902,-63.5887,2831,122,299,2
35.1264,33.4299,883,15,296,2
42.602636,20.902977,184,5,30,2
20.593684,78.96288,9205,331,1080,2
-18.665695,35.529562,0,0,0,2
61.92411,25.748151,792,1,10,2
53.7609,-98.8139,0,0,0,2
49.8175,15.473,5831,129,411,2
52.1326,5.2913,34842,4054,0,2
-4.6796,55.492,11,0,8,2
41.9029,12.4534,1,0,0,2
9.145,40.4897,131,3,59,2
1.373333,32.290275,55,0,22,2
30.3753,69.3451,0,0,0,2
-20.904305,165.618042,0,0,0,2
29.1832,120.0934,1268,1,1267,2
10.6918,-61.2225,0,0,0,2
-12.8275,45.166244,854,10,352,2
14.058324,108.277199,153,0,20,2
6.6111,20.9394,3,0,0,2
-16.2902,-63.5887,62357,2273,19290,2
43.6661,126.1923,91,1,43,2
-9.19,-75.0152,244388,7461,131190,1
61.52401,105.318756,2,0,0,2
17.607789,8.081666,639,19,113,2
4.5709,-74.2973,120281,4210,47961,2
47.4116,28.3699,17814,585,10718,2
47.4116,28.3699,0,0,0,2
-18.665695,35.529562,0,0,0,2
-22.3285,24.6849,35,1,20,2
7.873054,80.77179699999998,1683,11,823,2
26.0789,117.9874,287,0,82,2
12.1165,-61.679,0,0,0,2
26.8154,106.8748,146,2,72,2
14.4974,-14.4524,9422,182,6291,2
71.7069,-42.6043,11,0,11,2
56.8796,24.6032,812,12,267,2
11.8037,-15.1804,1389,12,153,2
1.373333,32.290275,227,0,63,2
30.9756,112.2707,68135,4512,63619,2
15.4542,18.7322,836,69,672,2
-22.3285,24.6849,0,0,0,2
13.7942,-88.8965,424,10,124,2
49.3723,-2.3644,0,0,0,2
17.1899,-88.4976,18,2,16,2
49.8153,6.1296,0,0,0,2
8.6195,0.8248,497,13,251,2
17.357822,-62.782998,15,0,14,2
51.2538,-85.3232,34382,2607,0,2
18.4207,-64.64,8,1,7,2
30.9756,112.2707,68135,4512,63617,2
-0.228,15.8277,728,24,221,2
21.512583,55.92325500000001,0,0,0,2
24.974,101.487,174,2,172,2
3.2028,73.2207,617,2,20,2
34.802075,38.99681500000001,123,5,0,2
-19.015438,29.154857,9,1,0,2
15.870032,100.992541,3261,58,3105,2
18.0425,-63.0548,76,14,44,2
23.424076,53.847818,405,2,52,2
39.3999,-8.2245,27581,1135,2549,2
-38.4161,-63.6167,4003,197,1140,2
13.7942,-88.8965,0,0,0,2
47.5162,14.5501,0,0,0,2
43.9159,17.6791,6402,216,3037,2
15.2,-86.2419,0,0,0,2
3.9339,-53.1258,384,1,146,2
42.5063,1.5218,0,0,0,2
40.1824,116.4142,584,8,434,2
30.9756,112.2707,68135,4512,63616,2
6.6111,20.9394,4109,52,1050,2
40.0,-100.0,13,0,3,2
17.0608,-61.7964,68,3,23,2
21.512583,55.92325500000001,17486,81,3793,2
27.614,115.7221,937,1,936,2
29.31166,47.481766,0,0,0,2
17.0608,-61.7964,26,3,22,2
40.1431,47.5769,6860,82,3871,2
3.9339,-53.1258,279,1,143,2
39.3999,-8.2245,0,0,0,2
32.9711,119.455,645,0,631,2
46.8182,8.2275,0,0,0,2
23.885942,45.079162,237803,2283,177560,1
-33.8688,151.2093,3071,45,2605,2
43.6661,126.1923,112,1,103,2
41.377491,64.585262,0,0,0,2
43.9424,12.4578,654,41,203,2
25.025885,-78.035889,0,0,0,2
1.373333,32.290275,646,0,103,2
41.1129,85.2401,76,3,73,2
-11.6455,43.3333,0,0,0,2
16.742498,-62.187366,0,0,0,2
-4.6796,55.492,81,0,11,2
19.3133,-81.2546,187,1,115,2
-23.4425,-58.4438,11,0,0,2
44.0165,21.0059,13792,267,12338,2
17.607789,8.081666,0,0,0,2
14.4974,-14.4524,3130,35,1515,2
0.1864,6.6131,713,13,219,2
31.6927,88.0924,1,0,1,2
11.8251,42.5903,4643,52,4348,2
-33.8688,151.2093,3110,48,2714,2
36.204824,138.252924,23172,984,18126,2
-33.8688,151.2093,1405,7,4,2
-33.8688,151.2093,3429,49,2988,2
-26.5225,31.4659,0,0,0,2
40.0,-100.0,1288587,78497,198993,3
-26.5225,31.4659,9,0,0,2
16.742498,-62.187366,11,1,2,2
47.4116,28.3699,0,0,0,2
34.802075,38.99681500000001,0,0,0,2
53.7267,-127.6476,2990,183,0,2
46.8182,8.2275,0,0,0,2
18.7357,-70.1627,12314,428,5847,2
-29.61,28.2336,91,0,11,2
45.9432,24.9668,21404,1380,15445,2
9.3077,2.3158,0,0,0,2
41.20438,74.766098,554,5,133,2
19.3133,-81.2546,66,1,7,2
17.607789,8.081666,709,31,403,2
6.4238,-66.5897,1211,11,302,2
14.4974,-14.4524,2976,34,1416,2
16.265,-61.551,171,14,157,2
29.1832,120.0934,1268,1,1247,2
31.7917,-7.0926,12636,228,9026,2
-0.228,15.8277,1087,37,456,2
15.552727,48.516388,310,77,13,2
17.357822,-62.782998,0,0,0,2
29.31166,47.481766,2892,19,656,2
14.6415,-61.0242,249,14,98,2
8.460555000000001,-11.779889,534,33,167,2
-13.133897,27.849332,1477,18,1213,2
37.8957,114.9042,1276,22,0,2
38.9637,35.2433,190165,5001,162848,1
9.9456,-9.6966,0,0,0,2
-37.8136,144.9631,1521,18,1385,2
-4.0383,21.7587,0,0,0,2
40.0691,45.0382,27900,477,15935,2
-17.7134,178.065,27,0,18,2
31.046051,34.851612,1,0,0,2
3.9193,-56.0278,0,0,0,2
51.9194,19.1451,2554,43,47,2
-11.2027,17.8739,0,0,0,2
41.377491,64.585262,2612,11,2076,2
41.9029,12.4534,0,0,0,2
-38.4161,-63.6167,2277,102,559,2
23.7,121.0,440,7,387,2
53.9333,-116.5765,9219,167,0,2
12.5211,-69.9683,0,0,0,2
26.3351,17.228331,802,23,206,2
-17.6797,149.4068,60,0,59,2
47.862,127.7615,947,13,934,2
-20.904305,165.618042,21,0,21,2
-33.8688,151.2093,3162,49,2776,2
27.5142,90.4336,1,0,0,2
22.1667,113.55,10,0,6,2
-20.348404,57.552152,332,10,322,2
-12.8275,45.166244,326,4,125,2
53.7267,-127.6476,2376,132,0,2
35.1917,108.8701,253,3,242,2
47.4116,28.3699,2614,72,505,2
15.415,-61.371,18,0,16,2
17.1899,-88.4976,37,2,20,2
37.5777,112.2922,81,0,4,2
17.9,-62.8333,6,0,6,2
6.4238,-66.5897,504,10,241,2
1.373333,32.290275,770,0,578,2
42.708678000000006,19.37439,0,0,0,2
58.5953,25.0136,171,0,1,2
36.1408,-5.3536,151,0,147,2
56.8796,24.6032,0,0,0,2
19.1959,109.7453,168,6,160,2
19.1959,109.7453,168,6,161,2
23.3417,113.4244,1564,8,1458,2
56.2639,9.5018,11811,582,10620,2
20.593684,78.96288,3,0,3,2
41.20438,74.766098,4446,46,2194,2
40.1431,47.5769,8191,98,4606,2
31.046051,34.851612,5358,20,224,2
6.4238,-66.5897,381,10,185,2
35.1917,108.8701,256,3,251,2
19.3133,-81.2546,3,1,0,2
53.1424,-7.6921,5709,210,25,2
55.1694,23.8813,1784,76,1449,2
18.0708,-63.0501,41,3,33,2
9.9456,-9.6966,0,0,0,2
33.93911,67.709953,31836,774,15651,2
13.1939,-59.5432,86,7,67,2
51.2538,-85.3232,36961,2730,0,2
41.2956,122.6085,164,2,150,2
17.570692,-3.996166000000001,650,32,271,2
18.4207,-64.64,8,1,7,2
12.879721,121.774017,9684,637,1408,2
17.357822,-62.782998,11,0,0,2
36.1408,-5.3536,123,0,60,2
35.1917,108.8701,306,3,263,2
-0.228,15.8277,0,0,0,2
23.8298,108.7881,252,2,217,2
46.5653,-66.4619,120,0,0,2
64.8255,-124.8457,0,0,0,2
-37.8136,144.9631,3967,24,2329,2
-22.9576,18.4904,16,0,3,2
8.6195,0.8248,720,15,513,2
41.6086,21.7453,555,18,23,2
47.14,9.55,82,1,81,2
53.7098,27.9534,4779,42,342,2
41.1129,85.2401,10,0,0,2
21.69400000000001,-71.7979,12,1,10,2
52.1326,5.2913,7431,434,0,2
-13.2543,34.3015,41,3,9,2
-17.6797,149.4068,0,0,0,2
24.974,101.487,185,2,183,2
48.3794,31.1656,11411,279,1498,2
-0.228,15.8277,683,22,210,2
14.4974,-14.4524,3836,43,1954,2
15.415,-61.371,12,0,0,2
61.8926,-6.9118,0,0,0,2
18.0708,-63.0501,0,0,0,2
38.861,71.2761,0,0,0,2
45.1,15.2,0,0,0,2
17.1899,-88.4976,18,2,16,2
31.24,36.51,0,0,0,2
41.1129,85.2401,24,0,0,2
15.7835,-90.2308,0,0,0,2
43.9424,12.4578,698,42,656,2
-51.7963,-59.5236,0,0,0,2
41.377491,64.585262,7177,20,4877,2
42.5063,1.5218,0,0,0,2
13.7942,-88.8965,5934,152,3557,2
-13.133897,27.849332,76,3,37,2
22.1667,113.55,45,0,45,2
24.974,101.487,185,2,181,2
45.9432,24.9668,32079,1871,21414,2
35.9375,14.3754,0,0,0,2
41.9029,12.4534,0,0,0,2
48.669,19.699,1496,28,1231,2
37.2692,106.1655,75,0,75,2
42.5063,1.5218,1,0,0,2
16.265,-61.551,174,14,157,2
33.223191,43.679291,13,0,0,2
22.1667,113.55,45,0,32,2
35.9375,14.3754,522,6,443,2
-11.2027,17.8739,86,4,18,2
49.3723,-2.3644,498,28,285,2
55.1694,23.8813,49,0,1,2
53.7609,-98.8139,0,0,0,2
46.1512,14.9955,1477,109,1358,2
15.4542,18.7322,874,74,789,2
7.9465,-1.0232,1042,9,99,2
4.5353,114.7277,56,0,0,2
7.54,-5.5471,1150,14,468,2
-12.4634,130.8456,15,0,0,2
23.8298,108.7881,254,2,252,2
64.2823,-135.0,0,0,0,2
-19.015438,29.154857,2434,34,518,2
17.570692,-3.996166000000001,2467,121,1791,2
47.1625,19.5033,0,0,0,2
42.3154,43.3569,0,0,0,2
46.2276,2.2137,16018,674,2200,2
35.1264,33.4299,991,19,824,2
-29.61,28.2336,4,0,2,2
13.7942,-88.8965,32,1,0,2
17.570692,-3.996166000000001,931,55,543,2
13.7942,-88.8965,0,0,0,2
-29.61,28.2336,0,0,0,2
61.92411,25.748151,400,0,10,2
47.14,9.55,0,0,0,2
16.265,-61.551,0,0,0,2
7.9465,-1.0232,0,0,0,2
18.7357,-70.1627,3755,196,215,2
31.6927,88.0924,1,0,0,2
13.4432,-15.3101,26,1,20,2
48.3794,31.1656,53941,1389,26513,2
18.4207,-64.64,8,1,7,2
-19.015438,29.154857,203,4,29,2
-0.8037,11.6094,24,1,1,2
55.3781,-3.4360000000000004,3072,43,18,2
52.9399,-73.5491,55593,5541,0,2
39.3054,117.323,88,1,4,2
39.549,116.1306,328,6,0,2
19.1959,109.7453,170,6,162,2
64.8255,-124.8457,5,0,0,2
31.9522,35.2332,0,0,0,2
42.3154,43.3569,757,12,600,2
41.87194,12.56738,241419,34854,191944,1
28.1667,84.25,1,0,1,2
-11.2027,17.8739,0,0,0,2
49.8153,6.1296,3115,52,500,2
-31.9505,115.8605,658,9,644,2
46.1512,14.9955,1953,113,1603,2
56.8796,24.6032,280,0,1,2
40.0,-100.0,13,0,3,2
-4.6796,55.492,108,0,27,2
47.5162,14.5501,17380,690,16241,2
-0.0236,37.9062,2021,69,482,2
27.614,115.7221,937,1,935,2
17.0608,-61.7964,26,3,22,2
26.3351,17.228331,1268,36,306,2
49.8175,15.473,0,0,0,2
-17.6797,149.4068,60,0,60,2
45.1,15.2,2539,107,2150,2
21.9162,95.956,232,6,143,2
16.265,-61.551,53,0,0,2
-8.874217,125.727539,0,0,0,2
40.1431,47.5769,122,3,15,2
52.1326,5.2913,44249,5715,0,2
-18.766947,46.869107,698,5,164,2
-13.2543,34.3015,1613,17,317,2
3.9193,-56.0278,389,10,181,2
12.1696,-68.99,16,1,14,2
43.9424,12.4578,623,41,114,2
13.4432,-15.3101,3,1,0,2
32.427908,53.68804599999999,53183,3294,17935,2
12.879721,121.774017,3,1,1,2
25.3548,51.1839,83174,82,62172,2
6.877000000000002,31.307,1,0,0,2
17.0608,-61.7964,25,3,19,2
44.0935,113.9448,75,1,70,2
47.1625,19.5033,0,0,0,2
41.2956,122.6085,149,2,147,2
-21.1151,55.5364,358,0,40,2
10.6918,-61.2225,133,8,124,2
48.669,19.699,204,0,7,2
-1.9403,29.8739,377,1,262,2
17.9,-62.8333,3,0,0,2
50.8333,4.469936,15348,1011,2495,2
-11.2027,17.8739,0,0,0,2
15.1794,39.7823,34,0,0,2
-20.904305,165.618042,18,0,1,2
37.5777,112.2922,133,0,133,2
37.5777,112.2922,27,0,1,2
14.6415,-61.0242,249,14,98,2
33.223191,43.679291,2767,109,1734,2
20.593684,78.96288,3,0,3,2
47.4116,28.3699,20794,680,14183,2
51.165691,10.451526,192480,8914,175825,1
58.5953,25.0136,0,0,0,2
18.9712,-72.2852,0,0,0,2
31.8257,117.2264,991,6,985,2
-35.4735,149.0124,107,3,104,2
47.4116,28.3699,0,0,0,2
39.3999,-8.2245,11278,295,75,2
32.9711,119.455,653,0,646,2
39.0742,21.8243,2937,179,1374,2
-35.6751,-71.543,4665,34,618,2
52.9399,-106.4509,0,0,0,2
-33.8688,151.2093,3144,48,2771,2
15.415,-61.371,0,0,0,2
31.8257,117.2264,991,6,985,2
23.7,121.0,449,7,438,2
52.1326,5.2913,50273,6113,0,2
33.886917,9.537499,0,0,0,2
4.5709,-74.2973,0,0,0,2
32.3078,-64.7505,35,0,14,2
19.85627,102.495496,19,0,13,2
52.9399,-106.4509,156,2,0,2
49.8153,6.1296,0,0,0,2
18.4207,-64.64,3,0,0,2
0.1864,6.6131,721,13,269,2
11.8037,-15.1804,205,1,19,2
21.512583,55.92325500000001,41194,185,24162,2
17.570692,-3.996166000000001,860,52,494,2
23.7,121.0,440,7,398,2
18.9712,-72.2852,533,21,21,2
-4.6796,55.492,0,0,0,2
33.8547,35.8623,886,26,236,2
35.90775700000001,127.766922,13417,289,12178,2
35.1917,108.8701,3,0,0,2
39.3054,117.323,203,3,195,2
30.3753,69.3451,10076,212,2156,2
-35.4735,149.0124,103,2,72,2
46.8625,103.8467,141,0,33,2
61.92411,25.748151,7301,329,6800,2
18.2206,-63.0686,0,0,0,2
23.7,121.0,376,5,57,2
37.2692,106.1655,75,0,75,2
41.6086,21.7453,1511,84,945,2
-4.6796,55.492,0,0,0,2
23.3417,113.4244,1643,8,1631,2
19.85627,102.495496,0,0,0,2
1.2833,103.8333,49098,27,45015,2
35.9375,14.3754,412,3,82,2
8.460555000000001,-11.779889,0,0,0,2
-12.8275,45.166244,0,0,0,2
54.2361,-4.5481,13,0,0,2
-1.9403,29.8739,1,0,0,2
3.848,11.5021,2,0,0,2
-9.19,-75.0152,67307,1889,21349,2
-13.2543,34.3015,1613,17,317,2
33.93911,67.709953,24102,451,4201,2
16.5388,-23.0418,328,3,84,2
7.54,-5.5471,2477,30,1286,2
19.1959,109.7453,168,5,151,2
41.1533,20.1683,3038,81,1744,2
10.6918,-61.2225,116,8,103,2
47.5162,14.5501,17941,705,16514,2
15.2,-86.2419,52,1,0,2
42.3154,43.3569,13,0,0,2
-13.133897,27.849332,0,0,0,2
41.2956,122.6085,157,2,150,2
11.55,104.9167,1,0,0,2
64.2823,-135.0,0,0,0,2
23.8298,108.7881,254,2,252,2
-13.133897,27.849332,1497,18,1223,2
8.460555000000001,-11.779889,0,0,0,2
28.0339,1.6596,48,4,12,2
23.7,121.0,45,1,15,2
13.9094,-60.9789,18,0,18,2
-18.665695,35.529562,0,0,0,2
31.24,36.51,34,0,1,2
23.3417,113.4244,1588,8,1557,2
21.521757,-77.78116700000002,0,0,0,2
29.31166,47.481766,43,0,0,2
8.6195,0.8248,0,0,0,2
43.7333,7.4167,0,0,0,2
-18.766947,46.869107,0,0,0,2
22.1667,113.55,10,0,1,2
40.0,-100.0,2467554,125631,670809,0
32.3078,-64.7505,0,0,0,2
46.8852,-56.3159,1,0,1,2
-18.766947,46.869107,3782,33,1950,2
-3.3731,29.9189,11,1,4,2
24.974,101.487,172,0,57,2
33.223191,43.679291,6868,215,3275,2
4.210483999999999,101.975766,7185,115,5912,2
64.8255,-124.8457,5,0,0,2
17.570692,-3.996166000000001,1059,67,604,2
-37.8136,144.9631,4,0,4,2
8.538,-80.7821,1475,37,10,2
35.7452,95.9956,18,0,18,2
30.9756,112.2707,68128,4512,63616,2
32.9711,119.455,655,0,654,2
-22.9576,18.4904,0,0,0,2
12.1165,-61.679,23,0,23,2
-18.766947,46.869107,7049,59,3498,2
54.2361,-4.5481,0,0,0,2
53.7098,27.9534,22052,126,6050,2
30.3753,69.3451,1201,9,21,2
48.0196,66.9237,7234,35,3843,2
1.2833,103.8333,93,0,62,2
4.210483999999999,101.975766,29,0,18,2
47.4116,28.3699,4605,145,1747,2
27.5142,90.4336,0,0,0,2
28.0339,1.6596,10589,741,7255,2
-32.5228,-55.7658,848,23,788,2
-32.5228,-55.7658,0,0,0,2
26.0789,117.9874,294,1,218,2
39.3054,117.323,191,3,186,2
-40.9006,174.886,20,0,0,2
33.223191,43.679291,22700,712,9862,2
-22.3285,24.6849,0,0,0,2
-29.61,28.2336,27,0,4,2
30.0572,107.874,579,6,573,2
26.3351,17.228331,209,5,52,2
35.1917,108.8701,308,3,300,2
61.92411,25.748151,6,0,1,2
31.6927,88.0924,1,0,1,2
18.7357,-70.1627,0,0,0,2
14.4974,-14.4524,7400,133,4870,2
9.145,40.4897,29,0,2,2
49.3723,-2.3644,0,0,0,2
35.7518,104.2861,90,2,39,2
32.427908,53.68804599999999,0,0,0,2
34.802075,38.99681500000001,0,0,0,2
71.7069,-42.6043,13,0,13,2
53.7098,27.9534,16705,99,3196,2
43.7333,7.4167,94,4,42,2
51.9194,19.1451,0,0,0,2
-35.4735,149.0124,113,3,109,2
18.2206,-63.0686,3,0,1,2
43.6661,126.1923,155,2,153,2
-35.6751,-71.543,13,0,0,2
-12.4634,130.8456,0,0,0,2
55.1694,23.8813,274,4,1,2
-13.133897,27.849332,1358,11,1122,2
61.92411,25.748151,5412,246,3500,2
36.3427,118.1498,775,7,753,2
12.2383,-1.5616,0,0,0,2
71.7069,-42.6043,13,0,13,2
46.8852,-56.3159,1,0,0,2
-1.9403,29.8739,1378,4,710,2
17.607789,8.081666,1099,68,992,2
23.6345,-102.5528,378285,42645,283382,1
17.607789,8.081666,1100,69,993,2
53.1355,-57.6604,0,0,0,2
5.152149,46.199616,2579,87,559,2
39.0742,21.8243,3511,192,1374,2
15.415,-61.371,11,0,0,2
4.5353,114.7277,0,0,0,2
56.8796,24.6032,533,1,1,2
17.357822,-62.782998,15,0,15,2
1.2833,103.8333,13624,12,1060,2
-29.61,28.2336,419,9,69,2
18.0425,-63.0548,0,0,0,2
31.9522,35.2332,261,1,42,2
32.3078,-64.7505,146,9,137,2
20.593684,78.96288,3,0,0,2
31.046051,34.851612,0,0,0,2
51.165691,10.451526,172576,7661,145617,1
12.1165,-61.679,23,0,23,2
-26.5225,31.4659,0,0,0,2
-6.314993,143.95555,8,0,8,2
12.5211,-69.9683,0,0,0,2
3.9193,-56.0278,10,1,4,2
7.9465,-1.0232,1042,9,99,2
17.570692,-3.996166000000001,56,5,12,2
-1.9403,29.8739,225,0,98,2
4.5709,-74.2973,491,6,8,2
16.742498,-62.187366,11,1,10,2
16.742498,-62.187366,11,1,10,2
12.5211,-69.9683,0,0,0,2
5.152149,46.199616,2997,92,1014,2
48.3794,31.1656,48628,1243,21907,2
37.2692,106.1655,75,0,75,2
24.974,101.487,185,2,183,2
-17.6797,149.4068,60,0,60,2
35.1917,108.8701,306,3,254,2
39.0742,21.8243,1735,73,78,2
41.1533,20.1683,0,0,0,2
9.9456,-9.6966,0,0,0,2
46.8625,103.8467,220,0,177,2
36.204824,138.252924,17963,967,16101,2
42.708678000000006,19.37439,1287,24,330,2
44.682,-63.7443,721,9,0,2
18.7357,-70.1627,13989,456,7572,2
12.1165,-61.679,0,0,0,2
26.8154,106.8748,147,2,145,2
-20.904305,165.618042,21,0,21,2
60.128161,18.643501,27909,3460,0,2
26.3351,17.228331,467,10,70,2
40.1431,47.5769,1617,21,1080,2
-0.228,15.8277,117,5,11,2
8.538,-80.7821,40291,799,18726,2
51.165691,10.451526,16,0,12,2
-4.0383,21.7587,0,0,0,2
26.8154,106.8748,127,1,17,2
-8.874217,125.727539,24,0,0,2
13.9094,-60.9789,23,0,19,2
26.0789,117.9874,364,1,361,2
-20.904305,165.618042,0,0,0,2
18.1096,-77.2975,223,6,27,2
-0.7893,113.9213,72347,3469,33529,2
-0.0236,37.9062,17975,285,7833,2
49.8153,6.1296,140,1,0,2
50.8333,4.469936,49517,7765,12211,2
-6.314993,143.95555,8,0,8,2
3.9339,-53.1258,133,1,100,2
41.377491,64.585262,0,0,0,2
54.2361,-4.5481,307,9,209,2
39.3054,117.323,184,3,164,2
17.9,-62.8333,6,0,6,2
47.862,127.7615,661,13,470,2
-0.8037,11.6094,6588,47,4235,2
22.1667,113.55,46,0,45,2
18.4207,-64.64,8,1,7,2
-27.4698,153.0251,1067,6,1054,2
32.3078,-64.7505,0,0,0,2
23.3417,113.4244,1159,1,167,2
23.3417,113.4244,1641,8,1627,2
39.3999,-8.2245,13141,380,196,2
9.082,8.6753,5450,171,1320,2
45.9432,24.9668,25,0,3,2
27.5142,90.4336,4,0,0,2
6.4280550000000005,-9.429499,124,12,25,2
18.2206,-63.0686,3,0,0,2
7.54,-5.5471,2231,29,1083,2
49.3723,-2.3644,571,47,512,2
29.1832,120.0934,1269,1,1267,2
5.152149,46.199616,3196,93,1543,2
40.1824,116.4142,905,9,585,2
38.9637,35.2433,670,9,0,2
44.0935,113.9448,198,1,121,2
46.8625,103.8467,12,0,0,2
53.7609,-98.8139,289,7,0,2
-37.8136,144.9631,1687,19,1602,2
9.9456,-9.6966,4841,26,3467,2
16.5388,-23.0418,792,7,377,2
44.682,-63.7443,1067,63,0,2
43.9159,17.6791,25,0,0,2
12.1165,-61.679,22,0,14,2
-6.314993,143.95555,0,0,0,2
47.5162,14.5501,18165,705,16607,2
26.820553000000004,30.802498,0,0,0,2
51.9194,19.1451,10892,494,1944,2
-33.8688,151.2093,4,0,4,2
-20.904305,165.618042,18,0,1,2
-27.4698,153.0251,1058,7,1045,2
17.570692,-3.996166000000001,0,0,0,2
18.0708,-63.0501,32,2,11,2
12.1165,-61.679,23,0,22,2
51.165691,10.451526,77872,920,18700,2
11.8251,42.5903,4704,55,4550,2
6.4280550000000005,-9.429499,199,20,79,2
15.552727,48.516388,0,0,0,2
35.1264,33.4299,465,9,45,2
37.8957,114.9042,1271,19,0,2
-19.015438,29.154857,734,9,197,2
8.538,-80.7821,36,1,0,2
1.373333,32.290275,53,0,0,2
10.6918,-61.2225,116,8,107,2
3.2028,73.2207,0,0,0,2
26.3351,17.228331,2827,64,577,2
24.974,101.487,184,2,176,2
41.1533,20.1683,916,31,705,2
-0.8037,11.6094,1502,12,318,2
43.7333,7.4167,116,4,104,2
15.2,-86.2419,18082,479,1875,2
15.870032,100.992541,3135,58,2993,2
22.1667,113.55,37,0,10,2
12.1165,-61.679,22,0,17,2
15.552727,48.516388,967,257,350,2
56.8796,24.6032,930,18,464,2
53.7267,-127.6476,1174,31,0,2
-6.369028,34.888822,0,0,0,2
15.552727,48.516388,0,0,0,2
8.6195,0.8248,76,3,29,2
-6.314993,143.95555,0,0,0,2
1.6508,10.2679,9,0,0,2
56.8796,24.6032,0,0,0,2
54.2361,-4.5481,0,0,0,2
-4.0383,21.7587,2,0,0,2
12.5211,-69.9683,106,3,99,2
64.9631,-19.0208,1135,2,198,2
39.3054,117.323,95,1,8,2
12.9843,-61.2872,29,0,29,2
7.54,-5.5471,384,3,48,2
35.7452,95.9956,18,0,18,2
27.5142,90.4336,2,0,0,2
3.2028,73.2207,0,0,0,2
9.9456,-9.6966,4,0,0,2
41.6086,21.7453,0,0,0,2
21.9162,95.956,290,6,200,2
71.7069,-42.6043,11,0,11,2
34.802075,38.99681500000001,0,0,0,2
11.55,104.9167,1,0,1,2
15.4542,18.7322,0,0,0,2
37.2692,106.1655,45,0,15,2
31.7917,-7.0926,16726,264,14360,2
32.3078,-64.7505,152,9,137,2
35.90775700000001,127.766922,8086,72,510,2
-0.8037,11.6094,57,1,1,2
43.7333,7.4167,0,0,0,2
33.8547,35.8623,1119,26,688,2
18.0425,-63.0548,6,0,0,2
41.6086,21.7453,7244,351,3324,2
31.9522,35.2332,313,2,69,2
51.165691,10.451526,161539,6467,120400,1
32.9711,119.455,654,0,654,2
17.0608,-61.7964,0,0,0,2
18.4207,-64.64,0,0,0,2
39.0742,21.8243,4007,194,1374,2
1.373333,32.290275,0,0,0,2
-34.9285,138.6007,446,4,441,2
47.1625,19.5033,1410,99,118,2
35.7518,104.2861,139,2,137,2
-42.8821,147.3272,228,13,215,2
13.9094,-60.9789,19,0,18,2
44.0935,113.9448,238,1,236,2
41.2956,122.6085,157,2,150,2
35.1917,108.8701,256,3,251,2
42.5063,1.5218,0,0,0,2
42.3154,43.3569,1018,15,895,2
32.427908,53.68804599999999,66220,4110,32309,2
14.4974,-14.4524,0,0,0,2
19.1959,109.7453,171,6,162,2
44.682,-63.7443,1061,63,0,2
-34.9285,138.6007,9,0,2,2
28.0339,1.6596,6067,515,2998,2
23.8298,108.7881,254,2,252,2
12.1165,-61.679,0,0,0,2
35.90775700000001,127.766922,13771,296,12572,2
46.1512,14.9955,934,20,70,2
46.8625,103.8467,5,0,0,2
37.5777,112.2922,9,0,0,2
36.1408,-5.3536,154,0,147,2
40.1431,47.5769,165,3,15,2
45.9432,24.9668,23080,1473,16308,2
-14.235,-51.9253,2012151,76688,1397531,0
52.9399,-73.5491,58243,5663,0,2
17.1899,-88.4976,0,0,0,2
-6.369028,34.888822,12,0,0,2
23.685,90.3563,105535,1388,42945,2
32.3078,-64.7505,0,0,0,2
17.570692,-3.996166000000001,0,0,0,2
15.870032,100.992541,35,0,17,2
47.14,9.55,86,1,81,2
-4.0383,21.7587,0,0,0,2
18.1096,-77.2975,471,9,38,2
27.6104,111.7088,1018,4,1014,2
-16.2902,-63.5887,1802,86,187,2
13.9094,-60.9789,19,0,19,2
-4.6796,55.492,11,0,0,2
39.3999,-8.2245,46512,1660,30907,2
26.3351,17.228331,2314,56,501,2
7.54,-5.5471,6,0,1,2
-20.348404,57.552152,341,10,326,2
46.8852,-56.3159,0,0,0,2
18.2206,-63.0686,3,0,3,2
11.55,104.9167,156,0,133,2
16.265,-61.551,0,0,0,2
-6.314993,143.95555,1,0,0,2
15.415,-61.371,18,0,18,2
33.8547,35.8623,1622,32,1098,2
23.8298,108.7881,254,2,252,2
40.1824,116.4142,435,8,334,2
60.472,8.4689,8660,242,8138,2
23.424076,53.847818,5,0,0,2
31.9522,35.2332,375,2,310,2
23.885942,45.079162,46869,283,19051,2
-11.6455,43.3333,317,7,296,2
13.4432,-15.3101,9,1,2,2
18.0425,-63.0548,0,0,0,2
-16.2902,-63.5887,139,10,1,2
22.3,114.2,21,1,0,2
53.7267,-127.6476,2709,168,0,2
12.865416,-85.207229,16,5,7,2
24.2155,-12.8858,0,0,0,2
49.3723,-2.3644,108,2,0,2
28.0339,1.6596,986,86,61,2
53.1424,-7.6921,25303,1706,22698,2
1.2833,103.8333,40197,26,28808,2
64.8255,-124.8457,5,0,0,2
29.1832,120.0934,1268,1,1267,2
-29.61,28.2336,0,0,0,2
42.602636,20.902977,1142,30,871,2
39.3999,-8.2245,0,0,0,2
60.128161,18.643501,18640,2194,0,2
-34.9285,138.6007,7,0,2,2
41.9029,12.4534,0,0,0,2
31.046051,34.851612,304,0,11,2
18.7357,-70.1627,9882,385,2584,2
61.8926,-6.9118,187,0,187,2
23.424076,53.847818,15738,157,3359,2
51.9194,19.1451,0,0,0,2
1.373333,32.290275,1115,2,982,2
28.0339,1.6596,2160,336,708,2
47.1625,19.5033,226,10,21,2
6.4238,-66.5897,0,0,0,2
35.1264,33.4299,0,0,0,2
23.424076,53.847818,53577,328,43570,2
8.460555000000001,-11.779889,178,9,37,2
51.9194,19.1451,12640,624,3025,2
21.9162,95.956,0,0,0,2
17.357822,-62.782998,0,0,0,2
47.4116,28.3699,0,0,0,2
11.55,104.9167,122,0,91,2
52.9399,-73.5491,219,4,0,2
-4.6796,55.492,0,0,0,2
8.538,-80.7821,43257,863,21426,2
1.2833,103.8333,58,0,15,2
-4.6796,55.492,0,0,0,2
47.14,9.55,84,1,82,2
30.3753,69.3451,52437,1101,16653,2
40.0691,45.0382,78,0,1,2
35.1917,108.8701,286,3,253,2
42.708678000000006,19.37439,841,14,315,2
42.5063,1.5218,164,1,1,2
-34.9285,138.6007,440,4,436,2
39.549,116.1306,326,6,0,2
-4.6796,55.492,11,0,6,2
24.2155,-12.8858,4,0,0,2
36.1408,-5.3536,149,0,145,2
18.9712,-72.2852,6727,139,2924,2
39.0742,21.8243,3672,193,1374,2
27.6104,111.7088,1019,4,1015,2
24.974,101.487,185,2,182,2
18.7357,-70.1627,37425,794,18943,2
49.8175,15.473,189,0,0,2
-35.6751,-71.543,0,0,0,2
3.9339,-53.1258,5704,23,2785,2
58.5953,25.0136,2,0,0,2
-0.228,15.8277,0,0,0,2
42.602636,20.902977,0,0,0,2
46.1512,14.9955,1124,43,128,2
-17.6797,149.4068,60,0,60,2
23.424076,53.847818,12481,105,2429,2
5.152149,46.199616,3171,93,1499,2
40.0,-100.0,1375152,83483,230287,3
41.2956,122.6085,149,2,147,2
18.0425,-63.0548,77,15,62,2
53.9333,-116.5765,0,0,0,2
49.3723,-2.3644,0,0,0,2
9.9456,-9.6966,6544,39,5511,2
12.9843,-61.2872,1,0,0,2
14.4974,-14.4524,3348,39,1686,2
21.521757,-77.78116700000002,4,0,0,2
-4.6796,55.492,11,0,0,2
12.865416,-85.207229,13,3,7,2
14.058324,108.277199,249,0,123,2
25.3548,51.1839,103598,147,99743,2
-1.9403,29.8739,110,0,7,2
18.9712,-72.2852,0,0,0,2
46.2276,2.2137,5,0,0,2
64.8255,-124.8457,0,0,0,2
-13.133897,27.849332,0,0,0,2
52.9399,-106.4509,684,13,0,2
7.873054,80.77179699999998,1620,10,781,2
53.7098,27.9534,0,0,0,2
51.9194,19.1451,20931,993,8977,2
16.5388,-23.0418,1623,19,748,2
41.6086,21.7453,1674,92,1205,2
7.54,-5.5471,2951,33,1467,2
37.5777,112.2922,136,0,133,2
6.4238,-66.5897,311,10,126,2
35.1264,33.4299,46,0,0,2
37.5777,112.2922,133,0,132,2
15.870032,100.992541,3282,58,3109,2
-18.665695,35.529562,119,0,0,2
7.873054,80.77179699999998,1319,10,712,2
9.145,40.4897,0,0,0,2
40.463667,-3.74922,39885,2808,3794,2
34.802075,38.99681500000001,0,0,0,2
33.886917,9.537499,707,31,43,2
27.5142,90.4336,0,0,0,2
45.1,15.2,0,0,0,2
26.0275,50.55,210,0,44,2
41.2956,122.6085,17,0,0,2
33.8547,35.8623,248,4,8,2
35.9375,14.3754,64,0,2,2
41.20438,74.766098,24606,900,10704,2
41.1129,85.2401,4,0,0,2
21.0079,-10.9408,588,23,27,2
27.6104,111.7088,1019,4,1014,2
39.549,116.1306,328,6,0,2
43.9424,12.4578,698,42,656,2
-51.7963,-59.5236,13,0,13,2
56.8796,24.6032,858,15,348,2
40.1431,47.5769,0,0,0,2
24.2155,-12.8858,0,0,0,2
53.7609,-98.8139,290,7,0,2
17.1899,-88.4976,18,2,16,2
4.5353,114.7277,126,1,34,2
41.6086,21.7453,1231,55,224,2
50.8333,4.469936,267,0,1,2
49.3723,-2.3644,581,47,512,2
-20.904305,165.618042,22,0,22,2
40.463667,-3.74922,252513,28396,150376,1
35.7518,104.2861,129,2,89,2
-6.314993,143.95555,0,0,0,2
16.5388,-23.0418,267,2,58,2
51.9194,19.1451,0,0,0,2
12.865416,-85.207229,7,1,0,2
39.549,116.1306,346,6,0,2
3.9339,-53.1258,125,1,93,2
40.463667,-3.74922,237906,27119,150376,1
-38.4161,-63.6167,49851,1116,13816,2
18.1096,-77.2975,615,10,420,2
21.9162,95.956,0,0,0,2
-27.4698,153.0251,1071,6,1058,2
13.7942,-88.8965,1571,31,537,2
8.460555000000001,-11.779889,946,48,600,2
-17.6797,149.4068,62,0,60,2
12.865416,-85.207229,3439,108,2492,2
12.1696,-68.99,0,0,0,2
9.082,8.6753,135,2,8,2
43.9159,17.6791,6981,226,3179,2
23.3417,113.4244,1400,8,1325,2
64.9631,-19.0208,1817,10,1799,2
41.20438,74.766098,1468,16,1015,2
7.54,-5.5471,0,0,0,2
6.4238,-66.5897,0,0,0,2
35.7518,104.2861,133,2,91,2
-18.665695,35.529562,164,0,0,2
64.9631,-19.0208,1801,10,1773,2
6.6111,20.9394,2410,14,396,2
38.9637,35.2433,162120,4489,125963,1
16.265,-61.551,174,14,157,2
-12.8275,45.166244,171,2,22,2
16.742498,-62.187366,11,1,10,2
20.593684,78.96288,73,1,4,2
9.145,40.4897,1,0,0,2
46.8852,-56.3159,0,0,0,2
22.3,114.2,1025,4,602,2
17.9,-62.8333,6,0,6,2
35.7518,104.2861,139,2,137,2
-42.8821,147.3272,228,13,215,2
58.5953,25.0136,2016,69,1904,2
41.6086,21.7453,8332,389,4468,2
15.7835,-90.2308,1518,29,129,2
17.357822,-62.782998,15,0,15,2
53.7267,-127.6476,2558,164,0,2
9.145,40.4897,0,0,0,2
39.549,116.1306,327,6,0,2
11.55,104.9167,1,0,0,2
33.223191,43.679291,8168,256,4095,2
26.820553000000004,30.802498,1794,135,384,2
25.3548,51.1839,37097,16,6600,2
-18.665695,35.529562,81,0,0,2
-17.6797,149.4068,60,0,60,2
53.1424,-7.6921,24639,1608,21060,2
21.9162,95.956,0,0,0,2
52.9399,-73.5491,37732,2929,0,2
23.8298,108.7881,254,2,252,2
-33.8688,151.2093,3174,49,2784,2
21.0079,-10.9408,0,0,0,2
39.3054,117.323,180,3,140,2
21.521757,-77.78116700000002,2092,83,1827,2
42.7339,25.4858,975,45,170,2
46.2276,2.2137,154188,20240,36782,1
-31.9505,115.8605,481,6,162,2
23.885942,45.079162,101914,712,72817,2
11.8251,42.5903,1023,2,411,2
61.92411,25.748151,277,0,10,2
35.9375,14.3754,627,9,596,2
39.0742,21.8243,2952,180,1374,2
52.9399,-106.4509,663,13,0,2
11.8251,42.5903,0,0,0,2
16.265,-61.551,0,0,0,2
40.463667,-3.74922,2,0,2,2
-20.348404,57.552152,0,0,0,2
71.7069,-42.6043,13,0,13,2
-11.2027,17.8739,0,0,0,2
37.2692,106.1655,1,0,0,2
42.5063,1.5218,0,0,0,2
23.685,90.3563,216110,2801,119208,1
15.7835,-90.2308,29742,1244,4321,2
-51.7963,-59.5236,0,0,0,2
39.3054,117.323,176,3,135,2
18.4207,-64.64,0,0,0,2
4.5709,-74.2973,7668,340,1722,2
-6.314993,143.95555,11,0,8,2
52.1326,5.2913,48640,6057,0,2
23.6345,-102.5528,27634,2704,17781,2
24.974,101.487,174,2,156,2
35.7518,104.2861,91,2,80,2
1.2833,103.8333,48744,27,44795,2
23.685,90.3563,0,0,0,2
18.9712,-72.2852,5429,92,512,2
39.3999,-8.2245,34351,1474,20807,2
18.0425,-63.0548,0,0,0,2
-18.766947,46.869107,4578,34,2287,2
17.9,-62.8333,6,0,6,2
12.1696,-68.99,29,1,24,2
-21.1151,55.5364,563,3,472,2
39.549,116.1306,319,6,0,2
-13.133897,27.849332,137,3,78,2
35.7452,95.9956,1,0,0,2
26.820553000000004,30.802498,83001,3935,24975,2
1.373333,32.290275,0,0,0,2
61.92411,25.748151,7087,325,6200,2
43.7333,7.4167,1,0,0,2
-0.7893,113.9213,0,0,0,2
12.8628,30.2176,6242,372,2059,2
-13.133897,27.849332,0,0,0,2
-18.766947,46.869107,0,0,0,2
-17.7134,178.065,0,0,0,2
-26.5225,31.4659,15,0,7,2
47.14,9.55,0,0,0,2
25.025885,-78.035889,73,11,15,2
-0.228,15.8277,487,16,147,2
49.3723,-2.3644,564,46,512,2
-11.6455,43.3333,0,0,0,2
-14.235,-51.9253,0,0,0,2
41.6086,21.7453,6625,321,2748,2
11.55,104.9167,122,0,120,2
48.3794,31.1656,32536,911,14771,2
47.4116,28.3699,1174,27,40,2
43.9424,12.4578,0,0,0,2
41.87194,12.56738,240578,34767,190248,1
-19.015438,29.154857,2704,36,542,2
19.85627,102.495496,0,0,0,2
11.55,104.9167,120,0,75,2
-20.348404,57.552152,0,0,0,2
32.427908,53.68804599999999,13938,724,4590,2
-26.5225,31.4659,0,0,0,2
-16.2902,-63.5887,0,0,0,2
-29.61,28.2336,0,0,0,2
48.669,19.699,1664,28,1461,2
12.1696,-68.99,8,1,2,2
8.6195,0.8248,1,0,0,2
48.0196,66.9237,17732,120,10897,2
-22.3285,24.6849,24,1,12,2
10.6918,-61.2225,137,8,124,2
36.204824,138.252924,16751,898,14342,2
-29.61,28.2336,0,0,0,2
-1.9403,29.8739,143,0,65,2
38.9637,35.2433,0,0,0,2
39.3054,117.323,81,1,2,2
-22.9576,18.4904,0,0,0,2
42.3154,43.3569,738,12,573,2
19.1959,109.7453,168,6,162,2
49.8153,6.1296,3444,69,552,2
49.8175,15.473,8586,297,5641,2
6.4280550000000005,-9.429499,0,0,0,2
41.20438,74.766098,449,5,78,2
47.14,9.55,82,1,81,2
8.6195,0.8248,0,0,0,2
48.669,19.699,1429,25,762,2
35.7518,104.2861,139,2,132,2
46.2276,2.2137,132473,17148,30440,1
3.2028,73.2207,0,0,0,2
3.2028,73.2207,13,0,0,2
15.1794,39.7823,39,0,13,2
3.848,11.5021,2689,125,1524,2
4.860416000000002,-58.93018000000001,4,1,0,2
53.7098,27.9534,14027,89,2386,2
6.877000000000002,31.307,6,0,0,2
53.7267,-127.6476,1,0,0,2
-26.5225,31.4659,203,2,73,2
31.8257,117.2264,990,6,984,2
56.8796,24.6032,778,11,133,2
43.7333,7.4167,106,4,95,2
64.9631,-19.0208,1795,10,1636,2
31.6927,88.0924,1,0,1,2
46.5107,-63.4168,0,0,0,2
39.3054,117.323,197,3,191,2
31.8257,117.2264,991,6,985,2
-30.5595,22.9375,101590,1991,53444,2
17.357822,-62.782998,15,0,15,2
-4.0383,21.7587,0,0,0,2
48.669,19.699,769,2,107,2
-31.9505,115.8605,544,7,340,2
9.9456,-9.6966,0,0,0,2
15.7835,-90.2308,26658,1092,3797,2
-51.7963,-59.5236,13,0,13,2
28.0339,1.6596,847,58,61,2
3.2028,73.2207,0,0,0,2
41.377491,64.585262,23,0,0,2
40.463667,-3.74922,235772,28752,150376,1
37.8957,114.9042,32,0,0,2
31.6927,88.0924,1,0,1,2
53.7098,27.9534,0,0,0,2
51.165691,10.451526,188604,8851,173599,1
55.3781,-3.4360000000000004,297146,45554,0,1
42.5063,1.5218,0,0,0,2
39.549,116.1306,328,6,0,2
42.708678000000006,19.37439,0,0,0,2
56.8796,24.6032,1154,30,1019,2
49.3723,-2.3644,436,9,48,2
26.0789,117.9874,350,1,305,2
28.1667,84.25,5,0,1,2
46.8625,103.8467,0,0,0,2
-1.8312,-78.1834,0,0,0,2
12.9843,-61.2872,17,0,12,2
43.6661,126.1923,155,2,153,2
33.886917,9.537499,1348,50,1095,2
17.607789,8.081666,342,11,28,2
24.974,101.487,176,2,172,2
19.1959,109.7453,168,6,162,2
16.742498,-62.187366,11,1,10,2
18.7357,-70.1627,8480,354,1905,2
31.24,36.51,1173,10,986,2
39.0742,21.8243,3088,183,1374,2
28.0339,1.6596,18242,996,13124,2
1.6508,10.2679,0,0,0,2
20.593684,78.96288,767296,21129,476378,4
16.5388,-23.0418,5,1,0,2
15.870032,100.992541,35,0,15,2
60.472,8.4689,8196,232,32,2
24.2155,-12.8858,9,1,8,2
29.31166,47.481766,0,0,0,2
16.5388,-23.0418,0,0,0,2
14.4974,-14.4524,8481,156,5735,2
26.820553000000004,30.802498,656,41,150,2
5.152149,46.199616,1594,61,204,2
7.54,-5.5471,12052,81,6080,2
55.3781,-3.4360000000000004,259046,39447,0,1
7.873054,80.77179699999998,1,0,0,2
23.685,90.3563,20,1,3,2
3.9339,-53.1258,61,0,22,2
36.1408,-5.3536,147,0,145,2
37.5777,112.2922,133,0,112,2
19.3133,-81.2546,164,1,93,2
41.2956,122.6085,154,2,147,2
19.85627,102.495496,0,0,0,2
42.5063,1.5218,854,52,789,2
-19.015438,29.154857,34,4,5,2
18.0708,-63.0501,11,0,0,2
23.885942,45.079162,0,0,0,2
33.223191,43.679291,41193,1559,18859,2
51.9194,19.1451,31620,1346,16181,2
15.552727,48.516388,1,0,0,2
3.9339,-53.1258,5054,20,1984,2
8.460555000000001,-11.779889,1025,50,621,2
15.552727,48.516388,249,49,10,2
36.3427,118.1498,761,7,746,2
3.9339,-53.1258,6745,38,4714,2
25.025885,-78.035889,0,0,0,2
16.742498,-62.187366,12,1,10,2
12.2383,-1.5616,0,0,0,2
48.669,19.699,0,0,0,2
39.549,116.1306,327,6,0,2
21.0079,-10.9408,0,0,0,2
9.9456,-9.6966,3067,18,1575,2
51.2538,-85.3232,20388,1607,0,2
17.570692,-3.996166000000001,1351,78,769,2
41.1129,85.2401,76,3,72,2
3.2028,73.2207,17,0,13,2
23.885942,45.079162,0,0,0,2
23.3417,113.4244,1456,8,1337,2
13.1939,-59.5432,106,7,91,2
12.865416,-85.207229,1118,46,370,2
-4.6796,55.492,11,0,11,2
42.708678000000006,19.37439,0,0,0,2
3.9339,-53.1258,3774,15,1352,2
4.860416000000002,-58.93018000000001,156,12,86,2
42.5063,1.5218,855,52,802,2
22.3,114.2,96,2,36,2
-20.904305,165.618042,0,0,0,2
-1.9403,29.8739,0,0,0,2
56.2639,9.5018,5635,237,1736,2
-17.6797,149.4068,60,0,60,2
-34.9285,138.6007,440,4,436,2
37.5777,112.2922,198,0,197,2
-14.235,-51.9253,43079,2741,22991,2
30.0572,107.874,583,6,576,2
47.14,9.55,28,0,1,2
37.5777,112.2922,27,0,0,2
29.31166,47.481766,17568,124,4885,2
34.802075,38.99681500000001,124,6,0,2
15.415,-61.371,18,0,18,2
35.90775700000001,127.766922,13672,293,12460,2
45.9432,24.9668,32948,1901,21692,2
43.7333,7.4167,1,0,0,2
-3.3731,29.9189,2,0,0,2
32.3078,-64.7505,146,9,137,2
15.1794,39.7823,39,0,39,2
-18.665695,35.529562,0,0,0,2
43.6661,126.1923,98,1,92,2
4.5353,114.7277,1,0,0,2
25.3548,51.1839,92784,109,76072,2
-16.2902,-63.5887,330,27,2,2
18.0425,-63.0548,77,15,60,2
12.9843,-61.2872,7,0,1,2
37.5777,112.2922,135,0,133,2
35.7518,104.2861,167,2,165,2
19.3133,-81.2546,121,1,55,2
53.7609,-98.8139,286,7,0,2
35.7452,95.9956,18,0,18,2
4.5353,114.7277,141,2,138,2
21.9162,95.956,293,6,208,2
23.424076,53.847818,25063,227,10791,2
1.2833,103.8333,41615,26,33459,2
14.4974,-14.4524,6793,112,4431,2
-12.4634,130.8456,1,0,0,2
-6.369028,34.888822,20,1,1,2
22.3,114.2,1047,4,991,2
21.9162,95.956,63,4,2,2
32.427908,53.68804599999999,207525,9742,166427,1
12.8628,30.2176,0,0,0,2
-1.8312,-78.1834,3747,191,100,2
-0.8037,11.6094,1,0,0,2
22.3,114.2,68,2,5,2
29.1832,120.0934,1251,1,1225,2
26.0275,50.55,19013,46,13267,2
8.460555000000001,-11.779889,735,42,293,2
8.6195,0.8248,58,3,23,2
26.3351,17.228331,0,0,0,2
36.1408,-5.3536,0,0,0,2
33.93911,67.709953,0,0,0,2
52.9399,-106.4509,665,13,0,2
-42.8821,147.3272,212,11,123,2
28.0339,1.6596,2718,384,1099,2
21.9162,95.956,304,6,223,2
51.9194,19.1451,21631,1007,9276,2
34.802075,38.99681500000001,338,10,0,2
15.2,-86.2419,0,0,0,2
-19.015438,29.154857,0,0,0,2
53.1424,-7.6921,24929,1651,22089,2
32.427908,53.68804599999999,240438,11571,201330,1
3.9193,-56.0278,0,0,0,2
1.373333,32.290275,0,0,0,2
42.5063,1.5218,713,36,235,2
43.7333,7.4167,31,0,1,2
47.4116,28.3699,7896,288,4278,2
28.0339,1.6596,13571,905,9674,2
4.860416000000002,-58.93018000000001,152,12,67,2
18.1096,-77.2975,0,0,0,2
41.2956,122.6085,146,2,143,2
43.6661,126.1923,112,1,103,2
31.9522,35.2332,0,0,0,2
-16.2902,-63.5887,107,6,0,2
-17.7134,178.065,0,0,0,2
31.24,36.51,0,0,0,2
34.802075,38.99681500000001,39,3,0,2
9.3077,2.3158,572,9,237,2
-0.228,15.8277,60,5,5,2
12.9843,-61.2872,27,0,25,2
29.1832,120.0934,1268,1,1256,2
9.3077,2.3158,1378,26,557,2
46.8852,-56.3159,1,0,1,2
37.8957,114.9042,1276,22,0,2
-20.348404,57.552152,340,10,326,2
41.9029,12.4534,10,0,2,2
47.5162,14.5501,0,0,0,2
23.424076,53.847818,5,0,0,2
42.7339,25.4858,2175,105,573,2
52.9399,-73.5491,10912,216,0,2
3.848,11.5021,2,0,0,2
31.046051,34.851612,17012,284,14811,2
-26.5225,31.4659,0,0,0,2
-27.4698,153.0251,1076,6,1063,2
-13.133897,27.849332,2810,109,1450,2
61.92411,25.748151,1,0,0,2
-23.4425,-58.4438,786,11,202,2
47.862,127.7615,947,13,934,2
-35.4735,149.0124,107,3,103,2
6.4238,-66.5897,0,0,0,2
26.0789,117.9874,331,1,295,2
6.4280550000000005,-9.429499,240,23,131,2
17.0608,-61.7964,25,3,19,2
44.682,-63.7443,0,0,0,2
-0.8037,11.6094,1,0,0,2
56.8796,24.6032,1219,31,1045,2
31.046051,34.851612,16529,260,12083,2
12.879721,121.774017,4932,315,242,2
23.6345,-102.5528,304435,35491,240101,1
26.3351,17.228331,69,3,35,2
9.3077,2.3158,35,1,18,2
-26.5225,31.4659,285,2,189,2
-3.3731,29.9189,328,1,207,2
3.9193,-56.0278,1381,23,853,2
15.4542,18.7322,40,0,8,2
39.0742,21.8243,3227,188,1374,2
-20.904305,165.618042,0,0,0,2
1.2833,103.8333,509,2,144,2
35.9375,14.3754,0,0,0,2
29.1832,120.0934,1205,1,1016,2
17.1899,-88.4976,20,2,16,2
44.682,-63.7443,1064,63,0,2
18.0708,-63.0501,43,3,37,2
-18.766947,46.869107,102,0,11,2
46.1512,14.9955,1946,112,1568,2
23.8298,108.7881,252,2,248,2
5.152149,46.199616,601,28,31,2
49.8175,15.473,9364,323,6686,2
53.9333,-116.5765,19,0,0,2
-20.904305,165.618042,18,0,18,2
1.373333,32.290275,101,0,55,2
0.1864,6.6131,0,0,0,2
40.0691,45.0382,0,0,0,2
13.1939,-59.5432,97,7,85,2
-9.19,-75.0152,0,0,0,2
-33.8688,151.2093,4,0,2,2
-22.3285,24.6849,0,0,0,2
18.9712,-72.2852,4441,76,24,2
-13.2543,34.3015,336,4,42,2
43.9159,17.6791,89,0,2,2
-35.6751,-71.543,4355,27,528,2
9.7489,-83.7534,1022,10,653,2
35.7518,104.2861,83,2,17,2
31.24,36.51,765,9,566,2
44.0935,113.9448,199,1,145,2
31.202,121.4491,371,3,326,2
43.9159,17.6791,624,21,30,2
12.879721,121.774017,3,1,0,2
23.6345,-102.5528,331298,38310,264202,1
-17.6797,149.4068,0,0,0,2
23.3417,113.4244,32,0,2,2
15.552727,48.516388,922,254,328,2
46.8852,-56.3159,1,0,1,2
13.7942,-88.8965,11207,309,6422,2
-22.9576,18.4904,16,0,11,2
-13.133897,27.849332,1895,42,1412,2
31.7917,-7.0926,5,1,0,2
29.1832,120.0934,1269,1,1267,2
46.8182,8.2275,652,4,4,2
-8.874217,125.727539,24,0,0,2
1.2833,103.8333,45298,26,41323,2
16.742498,-62.187366,12,1,10,2
22.3,114.2,356,4,100,2
7.9465,-1.0232,0,0,0,2
-35.6751,-71.543,321205,7186,292085,1
-18.766947,46.869107,128,0,75,2
46.2276,2.2137,5,0,0,2
46.8852,-56.3159,0,0,0,2
6.4238,-66.5897,0,0,0,2
21.69400000000001,-71.7979,4,0,0,2
16.5388,-23.0418,380,3,155,2
32.3078,-64.7505,141,9,127,2
22.1667,113.55,45,0,45,2
29.1832,120.0934,27,0,0,2
26.820553000000004,30.802498,196,6,32,2
10.6918,-61.2225,116,8,104,2
12.879721,121.774017,38805,1274,10673,2
6.877000000000002,31.307,45,0,0,2
22.3,114.2,1000,4,336,2
18.0708,-63.0501,41,3,33,2
21.512583,55.92325500000001,32394,140,17279,2
15.7835,-90.2308,2743,51,222,2
7.54,-5.5471,2109,27,1004,2
21.9162,95.956,201,6,120,2
30.3753,69.3451,6,0,1,2
46.8852,-56.3159,4,0,1,2
12.1696,-68.99,14,1,8,2
1.373333,32.290275,227,0,63,2
37.8957,114.9042,1276,22,0,2
-13.133897,27.849332,654,7,124,2
53.1355,-57.6604,247,3,0,2
8.6195,0.8248,263,11,96,2
50.8333,4.469936,1,0,0,2
9.082,8.6753,29789,669,12108,2
-0.228,15.8277,2633,49,626,2
-8.874217,125.727539,24,0,0,2
18.2206,-63.0686,3,0,3,2
46.8182,8.2275,30597,1886,27600,2
-1.9403,29.8739,0,0,0,2
14.058324,108.277199,212,0,58,2
36.1408,-5.3536,185,0,180,2
17.1899,-88.4976,30,2,19,2
28.1667,84.25,110,0,31,2
18.9712,-72.2852,0,0,0,2
35.7452,95.9956,18,0,18,2
12.879721,121.774017,6087,397,516,2
-1.9403,29.8739,1299,4,663,2
-1.9403,29.8739,50,0,0,2
51.9194,19.1451,0,0,0,2
17.357822,-62.782998,15,0,15,2
18.0425,-63.0548,52,9,5,2
27.6104,111.7088,1019,4,1015,2
9.7489,-83.7534,0,0,0,2
42.708678000000006,19.37439,0,0,0,2
18.7357,-70.1627,3167,177,152,2
-1.9403,29.8739,0,0,0,2
39.549,116.1306,349,6,0,2
-11.2027,17.8739,0,0,0,2
46.1512,14.9955,1469,107,1346,2
-18.766947,46.869107,3573,33,1761,2
-14.235,-51.9253,0,0,0,2
12.9843,-61.2872,12,0,1,2
18.9712,-72.2852,72,5,2,2
46.2276,2.2137,188680,29287,69344,1
41.2956,122.6085,146,2,143,2
-17.7134,178.065,18,0,15,2
-9.19,-75.0152,282365,9504,171159,1
44.682,-63.7443,1067,63,0,2
9.145,40.4897,317,5,113,2
23.7,121.0,443,7,430,2
-42.8821,147.3272,0,0,0,2
-1.8312,-78.1834,74620,5318,31955,2
46.1512,14.9955,286,1,0,2
6.4280550000000005,-9.429499,0,0,0,2
-37.8136,144.9631,1884,20,1721,2
15.415,-61.371,18,0,18,2
42.7339,25.4858,1594,72,287,2
23.3417,113.4244,1589,8,1575,2
31.046051,34.851612,79,0,4,2
15.7835,-90.2308,32074,1350,4624,2
-20.904305,165.618042,21,0,21,2
-42.8821,147.3272,228,13,202,2
15.7835,-90.2308,34,1,10,2
48.0196,66.9237,11308,41,5587,2
32.427908,53.68804599999999,192439,9065,152675,1
42.602636,20.902977,5237,112,2462,2
-6.314993,143.95555,0,0,0,2
28.0339,1.6596,7918,582,4256,2
48.0196,66.9237,0,0,0,2
49.8175,15.473,4091,53,72,2
41.87194,12.56738,238833,34675,184585,1
-0.7893,113.9213,1285,114,64,2
26.8154,106.8748,146,2,144,2
60.472,8.4689,0,0,0,2
30.9756,112.2707,68135,4512,63623,2
61.8926,-6.9118,187,0,187,2
-11.6455,43.3333,0,0,0,2
-23.4425,-58.4438,0,0,0,2
18.7357,-70.1627,5543,265,581,2
17.9,-62.8333,6,0,6,2
32.3078,-64.7505,48,4,25,2
36.204824,138.252924,17187,922,15233,2
48.3794,31.1656,1,0,0,2
18.1096,-77.2975,73,4,19,2
27.614,115.7221,935,1,790,2
-13.133897,27.849332,74,3,35,2
31.24,36.51,1214,11,1022,2
21.512583,55.92325500000001,50207,233,32005,2
54.2361,-4.5481,336,24,312,2
52.1326,5.2913,49722,6095,0,2
60.472,8.4689,87,0,0,2
15.415,-61.371,18,0,18,2
47.862,127.7615,484,13,469,2
-0.0236,37.9062,10294,197,2946,2
19.85627,102.495496,19,0,4,2
32.3078,-64.7505,153,9,139,2
45.1,15.2,38,0,1,2
35.7518,104.2861,158,2,138,2
9.3077,2.3158,0,0,0,2
20.593684,78.96288,62,1,4,2
1.2833,103.8333,30426,23,12995,2
49.8175,15.473,15081,369,9422,2
56.8796,24.6032,0,0,0,2
31.8257,117.2264,408,0,14,2
53.9333,-116.5765,10086,178,0,2
52.1326,5.2913,0,0,0,2
4.860416000000002,-58.93018000000001,0,0,0,2
-29.61,28.2336,4,0,2,2
23.685,90.3563,0,0,0,2
38.9637,35.2433,226100,5613,209487,1
-4.6796,55.492,108,0,27,2
48.3794,31.1656,0,0,0,2
35.7518,104.2861,124,2,87,2
31.8257,117.2264,986,6,413,2
15.1794,39.7823,0,0,0,2
53.7098,27.9534,65114,468,55492,2
-17.6797,149.4068,60,0,60,2
50.8333,4.469936,1,0,1,2
35.9375,14.3754,5,0,0,2
21.512583,55.92325500000001,5029,21,1436,2
45.1,15.2,2624,107,2152,2
53.1424,-7.6921,23827,1506,19470,2
-37.8136,144.9631,1540,18,1407,2
-18.766947,46.869107,12,0,0,2
31.6927,88.0924,1,0,1,2
42.3154,43.3569,981,15,851,2
48.0196,66.9237,44,0,0,2
46.5107,-63.4168,0,0,0,2
51.9194,19.1451,0,0,0,2
40.0691,45.0382,33559,607,21931,2
12.1696,-68.99,0,0,0,2
41.20438,74.766098,1365,14,957,2
53.1424,-7.6921,0,0,0,2
-51.7963,-59.5236,0,0,0,2
45.9432,24.9668,0,0,0,2
61.52401,105.318756,626779,8958,392703,4
27.5142,90.4336,21,0,5,2
42.3154,43.3569,713,12,475,2
35.9375,14.3754,444,3,165,2
-37.8136,144.9631,2660,22,1992,2
42.708678000000006,19.37439,0,0,0,2
61.52401,105.318756,353427,3633,118798,1
12.5211,-69.9683,9,0,0,2
9.082,8.6753,1,0,0,2
30.3753,69.3451,8348,168,1868,2
3.848,11.5021,8681,212,4836,2
40.0691,45.0382,0,0,0,2
14.6415,-61.0242,200,14,98,2
11.8251,42.5903,591,2,73,2
-22.9576,18.4904,31,0,16,2
42.3154,43.3569,843,13,697,2
23.8298,108.7881,254,2,252,2
39.3999,-8.2245,331,0,3,2
31.6927,88.0924,0,0,0,2
7.873054,80.77179699999998,2454,11,1980,2
-20.904305,165.618042,20,0,19,2
31.8257,117.2264,991,6,984,2
-27.4698,153.0251,1071,6,1058,2
46.8182,8.2275,32198,1965,29200,2
33.223191,43.679291,1031,64,344,2
-18.665695,35.529562,8,0,0,2
-0.8037,11.6094,620,8,110,2
23.3417,113.4244,1602,8,1584,2
24.974,101.487,176,2,172,2
27.614,115.7221,937,1,936,2
45.1,15.2,4039,120,2729,2
30.6171,102.7103,561,3,558,2
-6.314993,143.95555,0,0,0,2
-18.766947,46.869107,542,2,147,2
24.2155,-12.8858,0,0,0,2
21.9162,95.956,0,0,0,2
18.4207,-64.64,8,1,7,2
8.6195,0.8248,84,5,52,2
13.4432,-15.3101,0,0,0,2
12.1165,-61.679,0,0,0,2
60.128161,18.643501,41883,4562,0,2
31.24,36.51,1147,10,897,2
25.3548,51.1839,7141,10,689,2
17.570692,-3.996166000000001,2472,121,1809,2
56.8796,24.6032,0,0,0,2
-11.2027,17.8739,0,0,0,2
-40.9006,174.886,1490,21,1347,2
54.2361,-4.5481,336,24,312,2
53.9333,-116.5765,10086,178,0,2
42.3154,43.3569,49,0,1,2
28.0339,1.6596,1825,275,460,2
56.2639,9.5018,0,0,0,2
-0.0236,37.9062,14805,260,6757,2
6.4280550000000005,-9.429499,7,0,0,2
-17.7134,178.065,18,0,15,2
-19.015438,29.154857,0,0,0,2
-37.8136,144.9631,1649,19,1557,2
-19.015438,29.154857,149,4,28,2
9.3077,2.3158,2,0,0,2
46.8852,-56.3159,0,0,0,2
53.1424,-7.6921,16040,730,9233,2
-42.8821,147.3272,221,13,165,2
41.87194,12.56738,3,0,0,2
31.24,36.51,0,0,0,2
1.2833,103.8333,150,0,78,2
24.2155,-12.8858,0,0,0,2
-12.4634,130.8456,28,0,9,2
46.2276,2.2137,64338,6507,14008,2
18.2206,-63.0686,3,0,3,2
16.5388,-23.0418,186,2,37,2
32.427908,53.68804599999999,0,0,0,2
35.1264,33.4299,999,19,833,2
40.0,-100.0,1449027,88669,250747,3
61.92411,25.748151,1,0,0,2
53.1355,-57.6604,261,3,0,2
-0.8037,11.6094,3101,21,833,2
33.886917,9.537499,1327,50,1093,2
41.2956,122.6085,132,2,124,2
46.8182,8.2275,9877,122,131,2
53.7609,-98.8139,325,7,0,2
40.0691,45.0382,30903,546,18709,2
-51.7963,-59.5236,13,0,13,2
52.9399,-106.4509,632,7,0,2
52.1326,5.2913,40571,5056,0,2
35.7518,104.2861,151,2,137,2
28.0339,1.6596,0,0,0,2
55.3781,-3.4360000000000004,283307,43575,0,1
18.9712,-72.2852,24,1,0,2
-27.4698,153.0251,1033,6,926,2
-13.2543,34.3015,279,4,42,2
26.3351,17.228331,61,2,18,2
46.5107,-63.4168,27,0,0,2
4.5709,-74.2973,0,0,0,2
71.7069,-42.6043,11,0,11,2
26.0275,50.55,29821,98,25178,2
44.0935,113.9448,75,1,74,2
-29.61,28.2336,79,0,11,2
6.4280550000000005,-9.429499,0,0,0,2
44.0935,113.9448,75,1,67,2
-33.8688,151.2093,3211,49,2787,2
54.2361,-4.5481,330,23,271,2
-34.9285,138.6007,440,4,436,2
50.8333,4.469936,1,0,1,2
-32.5228,-55.7658,501,7,224,2
-9.19,-75.0152,0,0,0,2
23.6345,-102.5528,53,0,4,2
22.3,114.2,1079,4,1035,2
17.357822,-62.782998,2,0,0,2
4.5353,114.7277,141,1,134,2
26.3351,17.228331,21,1,8,2
23.3417,113.4244,1552,8,1443,2
47.1625,19.5033,167,7,16,2
34.802075,38.99681500000001,43,3,0,2
4.5709,-74.2973,21981,750,5265,2
9.3077,2.3158,13,0,1,2
14.6415,-61.0242,81,1,0,2
14.058324,108.277199,2,0,0,2
-31.9505,115.8605,659,9,647,2
44.682,-63.7443,147,0,0,2
38.9637,35.2433,9217,131,105,2
37.8957,114.9042,1276,22,0,2
37.5777,112.2922,198,0,198,2
54.2361,-4.5481,126,1,0,2
12.865416,-85.207229,2170,74,1238,2
27.6104,111.7088,1016,4,731,2
12.1165,-61.679,0,0,0,2
43.6661,126.1923,155,2,128,2
39.0742,21.8243,3883,193,1374,2
51.9194,19.1451,4102,94,134,2
15.870032,100.992541,3018,56,2850,2
18.7357,-70.1627,18319,520,11474,2
64.2823,-135.0,11,0,0,2
3.848,11.5021,1017,42,305,2
40.463667,-3.74922,2277,55,183,2
-20.348404,57.552152,0,0,0,2
-42.8821,147.3272,228,13,213,2
21.9162,95.956,20,1,0,2
30.9756,112.2707,68135,4512,63619,2
7.873054,80.77179699999998,6,0,1,2
51.165691,10.451526,0,0,0,2
39.0742,21.8243,3910,193,1374,2
55.3781,-3.4360000000000004,248937,37433,0,1
26.820553000000004,30.802498,2,0,1,2
3.9193,-56.0278,10,1,6,2
-17.6797,149.4068,55,0,2,2
36.3427,118.1498,798,7,785,2
27.5142,90.4336,7,0,5,2
33.93911,67.709953,4,0,0,2
29.1832,120.0934,1269,1,1267,2
49.8175,15.473,0,0,0,2
46.8182,8.2275,6575,75,15,2
-18.665695,35.529562,1040,8,0,2
-37.8136,144.9631,4,0,4,2
11.55,104.9167,129,0,126,2
31.7917,-7.0926,1888,126,217,2
28.0339,1.6596,90,11,32,2
-0.7893,113.9213,19189,1242,4575,2
33.223191,43.679291,0,0,0,2
53.7267,-127.6476,3198,189,0,2
31.8257,117.2264,991,6,985,2
-13.133897,27.849332,1200,10,912,2
17.607789,8.081666,958,64,839,2
41.87194,12.56738,219814,30739,106587,1
-30.5595,22.9375,2272,27,410,2
6.6111,20.9394,755,1,23,2
18.0425,-63.0548,57,9,12,2
60.128161,18.643501,0,0,0,2
16.742498,-62.187366,11,1,10,2
53.7609,-98.8139,295,7,0,2
7.54,-5.5471,10966,75,5384,2
36.1408,-5.3536,55,0,14,2
-42.8821,147.3272,200,7,71,2
71.7069,-42.6043,13,0,13,2
40.1824,116.4142,929,9,596,2
61.92411,25.748151,2487,40,300,2
1.373333,32.290275,0,0,0,2
42.602636,20.902977,1047,30,794,2
61.92411,25.748151,1,0,0,2
-11.2027,17.8739,0,0,0,2
30.3753,69.3451,12723,269,2866,2
71.7069,-42.6043,0,0,0,2
15.2,-86.2419,1270,93,122,2
1.6508,10.2679,0,0,0,2
31.6927,88.0924,1,0,1,2
3.9339,-53.1258,249,1,137,2
49.8175,15.473,8406,295,5381,2
7.54,-5.5471,1,0,0,2
35.7452,95.9956,18,0,18,2
16.742498,-62.187366,11,1,10,2
11.8037,-15.1804,1790,25,760,2
14.4974,-14.4524,3932,45,2063,2
31.9522,35.2332,7764,53,1492,2
33.223191,43.679291,0,0,0,2
-4.0383,21.7587,6690,153,937,2
60.472,8.4689,0,0,0,2
26.3351,17.228331,1866,48,418,2
33.8547,35.8623,1256,27,724,2
37.2692,106.1655,75,0,75,2
9.9456,-9.6966,7008,43,6152,2
55.3781,-3.4360000000000004,279566,42927,0,1
-31.9505,115.8605,552,9,534,2
34.802075,38.99681500000001,48,3,0,2
30.3753,69.3451,5011,86,762,2
24.974,101.487,174,2,172,2
56.8796,24.6032,1016,21,694,2
18.1096,-77.2975,575,9,289,2
15.4542,18.7322,715,64,359,2
35.90775700000001,127.766922,10909,256,9632,2
-6.369028,34.888822,509,21,183,2
46.8625,103.8467,38,0,10,2
21.69400000000001,-71.7979,12,1,10,2
52.1326,5.2913,1413,24,0,2
55.3781,-3.4360000000000004,4452,81,52,2
15.415,-61.371,18,0,18,2
3.9193,-56.0278,10,1,7,2
-22.3285,24.6849,23,1,8,2
53.9333,-116.5765,10086,178,0,2
7.9465,-1.0232,15013,95,11078,2
30.6171,102.7103,592,3,577,2
50.8333,4.469936,62872,9788,17242,2
23.424076,53.847818,36359,270,19153,2
18.7357,-70.1627,25778,655,14957,2
4.210483999999999,101.975766,4228,67,1608,2
30.3753,69.3451,274289,5842,241026,1
55.3781,-3.4360000000000004,92885,12294,344,2
46.8625,103.8467,42,0,15,2
43.7333,7.4167,99,4,94,2
30.9756,112.2707,67803,3221,64338,2
30.3753,69.3451,213470,4395,100802,1
-37.8136,144.9631,4224,24,2395,2
6.4238,-66.5897,9465,89,2671,2
-0.228,15.8277,420,15,132,2
17.570692,-3.996166000000001,1461,85,806,2
51.2538,-85.3232,20,0,0,2
46.8852,-56.3159,1,0,1,2
23.7,121.0,438,6,334,2
-20.904305,165.618042,0,0,0,2
-31.9505,115.8605,560,9,549,2
53.7098,27.9534,0,0,0,2
42.3154,43.3569,3,0,0,2
-18.766947,46.869107,4143,34,2183,2
53.7098,27.9534,29650,165,9932,2
-19.015438,29.154857,3,0,0,2
35.7452,95.9956,18,0,18,2
35.1264,33.4299,0,0,0,2
39.3054,117.323,136,3,131,2
6.4280550000000005,-9.429499,0,0,0,2
47.14,9.55,0,0,0,2
30.0572,107.874,576,6,570,2
-4.6796,55.492,0,0,0,2
64.9631,-19.0208,180,0,0,2
41.87194,12.56738,240436,34744,189196,1
23.6345,-102.5528,367,4,4,2
-29.61,28.2336,0,0,0,2
37.2692,106.1655,75,0,73,2
24.974,101.487,117,0,5,2
5.152149,46.199616,0,0,0,2
1.373333,32.290275,139,0,55,2
33.223191,43.679291,12366,346,5186,2
4.5709,-74.2973,54931,1801,19986,2
39.549,116.1306,318,6,0,2
-11.6455,43.3333,0,0,0,2
47.5162,14.5501,18513,706,16721,2
35.9375,14.3754,0,0,0,2
49.8153,6.1296,4345,110,4003,2
64.9631,-19.0208,1586,6,559,2
41.20438,74.766098,1520,16,1043,2
11.8251,42.5903,3,0,0,2
21.521757,-77.78116700000002,0,0,0,2
15.870032,100.992541,3083,58,2966,2
31.24,36.51,0,0,0,2
30.9756,112.2707,68128,4512,63604,2
21.521757,-77.78116700000002,48,1,1,2
19.3133,-81.2546,201,1,197,2
30.9756,112.2707,68128,4512,63593,2
51.165691,10.451526,84794,1107,22440,2
35.9375,14.3754,6,0,0,2
28.1667,84.25,8605,22,1578,2
32.9711,119.455,633,0,631,2
56.2639,9.5018,11360,562,9900,2
-34.9285,138.6007,440,4,436,2
14.4974,-14.4524,8810,167,5948,2
25.3548,51.1839,0,0,0,2
40.1431,47.5769,11329,139,6192,2
32.3078,-64.7505,0,0,0,2
47.1625,19.5033,2500,272,485,2
39.3054,117.323,183,3,161,2
21.521757,-77.78116700000002,862,27,171,2
5.152149,46.199616,116,6,2,2
-18.665695,35.529562,0,0,0,2
38.861,71.2761,6058,52,4690,2
37.2692,106.1655,75,0,75,2
25.025885,-78.035889,0,0,0,2
42.3154,43.3569,1073,16,907,2
18.1096,-77.2975,544,9,191,2
22.1667,113.55,46,0,46,2
14.6415,-61.0242,0,0,0,2
-27.4698,153.0251,1055,6,1037,2
46.8182,8.2275,0,0,0,2
42.3154,43.3569,24,0,0,2
12.879721,121.774017,10794,719,1924,2
40.0,-100.0,1,0,0,2
18.4207,-64.64,0,0,0,2
12.9843,-61.2872,18,0,14,2
32.3078,-64.7505,123,9,73,2
52.9399,-106.4509,582,7,0,2
-0.228,15.8277,264,10,30,2
-13.2543,34.3015,56,3,14,2
-0.0236,37.9062,7,0,0,2
-0.0236,37.9062,3305,96,1164,2
35.7452,95.9956,18,0,18,2
53.7267,-127.6476,3198,189,0,2
0.1864,6.6131,458,12,68,2
41.2956,122.6085,121,1,96,2
23.6345,-102.5528,0,0,0,2
25.3548,51.1839,55262,36,25839,2
58.5953,25.0136,2015,69,1897,2
40.0691,45.0382,1867,30,866,2
37.5777,112.2922,198,0,198,2
-20.904305,165.618042,22,0,21,2
37.8957,114.9042,1272,22,0,2
14.6415,-61.0242,175,14,83,2
22.3,114.2,100,2,37,2
37.8957,114.9042,1135,8,0,2
64.8255,-124.8457,0,0,0,2
22.1667,113.55,25,0,10,2
39.3054,117.323,136,3,133,2
61.8926,-6.9118,1,0,0,2
46.8852,-56.3159,1,0,0,2
-20.348404,57.552152,28,2,0,2
47.14,9.55,0,0,0,2
35.1264,33.4299,935,17,594,2
15.552727,48.516388,1221,325,513,2
-29.61,28.2336,0,0,0,2
-37.8136,144.9631,1085,7,476,2
-0.0236,37.9062,0,0,0,2
26.8154,106.8748,146,2,112,2
39.3999,-8.2245,0,0,0,2
14.6415,-61.0242,197,14,91,2
42.7339,25.4858,0,0,0,2
-51.7963,-59.5236,13,0,13,2
42.7339,25.4858,0,0,0,2
51.165691,10.451526,14,0,0,2
54.2361,-4.5481,0,0,0,2
47.5162,14.5501,0,0,0,2
9.3077,2.3158,224,3,136,2
-29.61,28.2336,0,0,0,2
60.128161,18.643501,14777,1580,0,2
56.8796,24.6032,1203,31,1045,2
-18.665695,35.529562,0,0,0,2
35.7452,95.9956,1,0,0,2
15.552727,48.516388,0,0,0,2
28.0339,1.6596,20216,1028,14295,2
10.6918,-61.2225,0,0,0,2
39.0742,21.8243,3058,183,1374,2
-14.235,-51.9253,0,0,0,2
-11.2027,17.8739,0,0,0,2
53.1424,-7.6921,6074,235,25,2
26.8154,106.8748,146,2,102,2
35.7452,95.9956,18,0,18,2
3.9193,-56.0278,594,14,292,2
-26.5225,31.4659,0,0,0,2
11.8251,42.5903,4878,55,4621,2
-35.4735,149.0124,107,3,103,2
40.1824,116.4142,381,4,114,2
15.415,-61.371,11,0,0,2
64.2823,-135.0,0,0,0,2
16.5388,-23.0418,0,0,0,2
-22.9576,18.4904,0,0,0,2
47.4116,28.3699,19439,649,12793,2
13.7942,-88.8965,0,0,0,2
46.5107,-63.4168,0,0,0,2
6.6111,20.9394,3788,47,810,2
61.92411,25.748151,2905,49,300,2
13.7942,-88.8965,9,0,0,2
8.538,-80.7821,0,0,0,2
35.9375,14.3754,196,0,2,2
-0.0236,37.9062,607,29,197,2
23.885942,45.079162,16299,136,2215,2
64.9631,-19.0208,0,0,0,2
8.538,-80.7821,16425,393,10218,2
18.0708,-63.0501,32,2,11,2
15.7835,-90.2308,0,0,0,2
16.742498,-62.187366,11,1,10,2
64.9631,-19.0208,1812,10,1793,2
51.2538,-85.3232,22,0,0,2
-19.015438,29.154857,489,6,64,2
-17.6797,149.4068,60,0,60,2
-21.1151,55.5364,135,0,1,2
47.5162,14.5501,655,1,6,2
-12.8275,45.166244,1670,21,1315,2
21.512583,55.92325500000001,3399,17,1117,2
28.0339,1.6596,8503,609,4747,2
15.552727,48.516388,22,4,1,2
23.424076,53.847818,2076,11,167,2
12.1165,-61.679,23,0,23,2
37.5777,112.2922,137,0,133,2
16.742498,-62.187366,11,1,10,2
60.128161,18.643501,1,0,0,2
-35.4735,149.0124,39,0,0,2
18.9712,-72.2852,7340,158,4365,2
27.5142,90.4336,5,0,2,2
23.8298,108.7881,254,2,252,2
6.877000000000002,31.307,0,0,0,2
23.885942,45.079162,0,0,0,2
23.8298,108.7881,249,2,104,2
-20.904305,165.618042,21,0,20,2
40.0691,45.0382,6661,81,3064,2
26.3351,17.228331,8,0,0,2
61.8926,-6.9118,0,0,0,2
32.3078,-64.7505,115,7,54,2
48.3794,31.1656,40854,1078,18365,2
13.1939,-59.5432,82,7,44,2
51.165691,10.451526,22213,84,233,2
19.85627,102.495496,0,0,0,2
-18.665695,35.529562,987,8,0,2
-4.0383,21.7587,0,0,0,2
-20.904305,165.618042,18,0,18,2
7.9465,-1.0232,0,0,0,2
27.6104,111.7088,1019,4,1015,2
18.0708,-63.0501,2,0,0,2
-16.2902,-63.5887,0,0,0,2
37.2692,106.1655,75,0,75,2
-0.7893,113.9213,16496,1076,3803,2
27.614,115.7221,934,1,683,2
41.9029,12.4534,12,0,2,2
12.8628,30.2176,11237,708,5835,2
42.5063,1.5218,1,0,1,2
42.7339,25.4858,9584,321,4643,2
19.3133,-81.2546,0,0,0,2
-40.9006,174.886,1530,22,1490,2
-6.314993,143.95555,0,0,0,2
53.7267,-127.6476,64,1,0,2
-20.904305,165.618042,18,0,15,2
21.0079,-10.9408,29,3,7,2
29.1832,120.0934,1205,1,1046,2
41.1533,20.1683,0,0,0,2
35.1264,33.4299,1023,19,839,2
-19.015438,29.154857,206,4,29,2
-34.9285,138.6007,2,0,0,2
12.1165,-61.679,23,0,23,2
48.669,19.699,534,2,8,2
13.4432,-15.3101,146,5,57,2
14.058324,108.277199,334,0,325,2
45.1,15.2,1881,47,771,2
51.165691,10.451526,157770,5976,112000,1
52.1326,5.2913,41087,5168,0,2
43.9424,12.4578,648,41,172,2
-33.8688,151.2093,3112,48,2724,2
10.6918,-61.2225,0,0,0,2
-1.9403,29.8739,0,0,0,2
22.1667,113.55,10,0,10,2
23.7,121.0,428,6,264,2
60.128161,18.643501,78997,5697,0,2
23.424076,53.847818,21,0,5,2
13.9094,-60.9789,19,0,18,2
5.152149,46.199616,2812,90,818,2
4.860416000000002,-58.93018000000001,5,1,0,2
-18.766947,46.869107,0,0,0,2
26.820553000000004,30.802498,26384,1005,6447,2
18.0425,-63.0548,114,15,63,2
30.9756,112.2707,68135,4512,63623,2
12.1696,-68.99,16,1,13,2
23.3417,113.4244,1034,1,88,2
-37.8136,144.9631,8181,71,3529,2
21.69400000000001,-71.7979,0,0,0,2
61.8926,-6.9118,184,0,166,2
54.2361,-4.5481,313,21,258,2
3.2028,73.2207,790,3,29,2
21.521757,-77.78116700000002,1947,82,1704,2
12.865416,-85.207229,0,0,0,2
14.6415,-61.0242,9,0,0,2
46.8182,8.2275,491,3,3,2
46.8852,-56.3159,1,0,1,2
3.9339,-53.1258,0,0,0,2
8.6195,0.8248,39,2,17,2
-20.348404,57.552152,169,7,0,2
19.1959,109.7453,169,6,162,2
26.0789,117.9874,350,1,303,2
55.3781,-3.4360000000000004,18,0,1,2
19.1959,109.7453,168,6,162,2
27.6104,111.7088,1019,4,1015,2
6.6111,20.9394,3,0,0,2
47.4116,28.3699,4476,143,1658,2
18.7357,-70.1627,0,0,0,2
14.6415,-61.0242,0,0,0,2
29.1832,120.0934,1215,1,1176,2
39.0742,21.8243,2874,169,1374,2
47.1625,19.5033,4183,589,2811,2
64.8255,-124.8457,5,0,0,2
23.3417,113.4244,1428,8,1333,2
19.85627,102.495496,19,0,19,2
-31.9505,115.8605,545,7,340,2
39.3054,117.323,136,3,133,2
31.202,121.4491,543,7,418,2
21.521757,-77.78116700000002,4,0,0,2
23.685,90.3563,165618,2096,76149,1
19.3133,-81.2546,0,0,0,2
4.860416000000002,-58.93018000000001,8,1,0,2
-32.5228,-55.7658,711,19,523,2
31.9522,35.2332,388,2,337,2
-12.8275,45.166244,2467,32,2218,2
47.862,127.7615,945,13,932,2
15.7835,-90.2308,316,8,24,2
49.8153,6.1296,0,0,0,2
30.3753,69.3451,6,0,0,2
8.6195,0.8248,386,13,161,2
31.7917,-7.0926,16097,257,13442,2
-34.9285,138.6007,2,0,0,2
35.1917,108.8701,323,3,317,2
4.5353,114.7277,141,1,136,2
-26.5225,31.4659,0,0,0,2
15.552727,48.516388,0,0,0,2
33.8547,35.8623,0,0,0,2
33.8547,35.8623,0,0,0,2
-30.5595,22.9375,0,0,0,2
41.20438,74.766098,0,0,0,2
35.7452,95.9956,18,0,18,2
-11.2027,17.8739,0,0,0,2
26.0275,50.55,5531,9,2192,2
9.9456,-9.6966,0,0,0,2
31.24,36.51,728,9,497,2
33.886917,9.537499,1046,47,883,2
13.7942,-88.8965,0,0,0,2
6.877000000000002,31.307,0,0,0,2
45.1,15.2,2101,80,1522,2
-42.8821,147.3272,165,6,53,2
-18.665695,35.529562,0,0,0,2
34.802075,38.99681500000001,650,38,0,2
1.6508,10.2679,12,0,1,2
64.9631,-19.0208,1771,9,1291,2
53.7267,-127.6476,2790,168,0,2
31.6927,88.0924,1,0,1,2
6.877000000000002,31.307,994,10,6,2
40.0691,45.0382,1,0,0,2
4.5353,114.7277,141,1,134,2
29.1832,120.0934,1270,1,1267,2
26.8154,106.8748,146,2,144,2
46.8625,103.8467,0,0,0,2
19.85627,102.495496,19,0,19,2
13.7942,-88.8965,345,8,97,2
-26.5225,31.4659,293,3,194,2
19.85627,102.495496,19,0,19,2
1.373333,32.290275,55,0,12,2
40.0,-100.0,1423727,87008,246414,3
24.2155,-12.8858,10,1,8,2
-22.3285,24.6849,60,1,24,2
33.8547,35.8623,22,0,1,2
30.9756,112.2707,68135,4512,63617,2
61.8926,-6.9118,187,0,185,2
28.0339,1.6596,1320,152,90,2
12.879721,121.774017,20,1,1,2
-40.9006,174.886,1547,22,1498,2
46.8852,-56.3159,1,0,1,2
15.7835,-90.2308,12755,514,2558,2
4.210483999999999,101.975766,117,0,24,2
15.2,-86.2419,0,0,0,2
26.820553000000004,30.802498,15786,707,4374,2
27.6104,111.7088,1019,4,1015,2
-21.1151,55.5364,247,0,1,2
15.2,-86.2419,39741,1166,5039,2
58.5953,25.0136,961,12,48,2
-1.9403,29.8739,249,0,109,2
35.90775700000001,127.766922,13879,297,12698,2
43.9159,17.6791,191,3,2,2
43.7333,7.4167,0,0,0,2
44.682,-63.7443,549,3,0,2
20.593684,78.96288,4778,136,375,2
14.058324,108.277199,270,0,225,2
19.1959,109.7453,168,6,162,2
-51.7963,-59.5236,13,0,13,2
54.2361,-4.5481,316,22,271,2
6.4238,-66.5897,12774,120,6983,2
13.4432,-15.3101,216,6,60,2
18.0425,-63.0548,3,0,0,2
35.7452,95.9956,18,0,18,2
29.1832,120.0934,1268,1,1265,2
47.862,127.7615,445,11,79,2
53.7098,27.9534,51816,293,26643,2
15.1794,39.7823,167,0,53,2
64.8255,-124.8457,5,0,0,2
26.8154,106.8748,147,2,145,2
4.5709,-74.2973,12930,509,3133,2
56.2639,9.5018,12946,609,12077,2
40.0691,45.0382,1932,30,900,2
-29.61,28.2336,0,0,0,2
23.685,90.3563,74865,1012,15900,2
12.865416,-85.207229,3439,108,2492,2
11.55,104.9167,124,0,122,2
17.1899,-88.4976,0,0,0,2
56.8796,24.6032,1049,22,712,2
55.1694,23.8813,1720,71,1331,2
-11.2027,17.8739,166,8,64,2
12.865416,-85.207229,2170,74,1238,2
52.1326,5.2913,45445,5830,0,2
-3.3731,29.9189,0,0,0,2
42.3154,43.3569,43,0,1,2
23.7,121.0,395,6,155,2
-13.2543,34.3015,0,0,0,2
44.0935,113.9448,237,1,232,2
7.873054,80.77179699999998,185,6,42,2
42.602636,20.902977,3886,82,2003,2
36.204824,138.252924,31142,998,21970,2
-32.5228,-55.7658,924,26,818,2
15.4542,18.7322,0,0,0,2
38.9637,35.2433,61049,1296,3957,2
35.7518,104.2861,139,2,137,2
-18.766947,46.869107,0,0,0,2
33.93911,67.709953,33908,957,20847,2
35.1264,33.4299,1004,19,839,2
-22.9576,18.4904,2,0,0,2
18.9712,-72.2852,31,2,0,2
19.3133,-81.2546,8,1,0,2
45.1,15.2,2246,103,2095,2
12.879721,121.774017,40336,1280,11073,2
-11.6455,43.3333,0,0,0,2
12.1696,-68.99,23,1,19,2
43.6661,126.1923,155,2,153,2
45.9432,24.9668,24045,1512,16911,2
-12.8275,45.166244,1,0,0,2
-38.4161,-63.6167,0,0,0,2
33.223191,43.679291,101,9,24,2
41.2956,122.6085,146,2,144,2
40.463667,-3.74922,241550,27136,150376,1
3.9339,-53.1258,83,0,43,2
39.549,116.1306,327,6,0,2
40.1824,116.4142,593,8,514,2
-42.8821,147.3272,0,0,0,2
47.5162,14.5501,13244,295,5240,2
44.0165,21.0059,8497,168,1260,2
47.14,9.55,1,0,1,2
26.8154,106.8748,147,2,145,2
28.1667,84.25,1811,8,221,2
37.5777,112.2922,135,0,133,2
30.9756,112.2707,444,17,28,2
40.463667,-3.74922,257494,28413,150376,1
9.9456,-9.6966,2658,16,1133,2
48.0196,66.9237,33,0,0,2
28.1667,84.25,6,0,1,2
41.20438,74.766098,10410,129,3253,2
19.3133,-81.2546,1,1,0,2
30.3753,69.3451,221896,4551,113623,1
4.210483999999999,101.975766,8897,124,8600,2
-22.3285,24.6849,35,1,19,2
-33.8688,151.2093,4,0,4,2
19.1959,109.7453,168,6,162,2
-35.6751,-71.543,0,0,0,2
37.2692,106.1655,75,0,75,2
38.861,71.2761,0,0,0,2
47.5162,14.5501,14795,470,10631,2
48.669,19.699,0,0,0,2
53.7098,27.9534,65443,480,56379,2
-27.4698,153.0251,78,0,8,2
53.7609,-98.8139,292,7,0,2
-19.015438,29.154857,0,0,0,2
61.52401,105.318756,63,0,8,2
12.1696,-68.99,14,1,10,2
48.0196,66.9237,0,0,0,2
49.3723,-2.3644,525,35,352,2
18.0708,-63.0501,0,0,0,2
48.0196,66.9237,83122,585,52571,2
10.6918,-61.2225,117,8,108,2
21.512583,55.92325500000001,14316,67,3451,2
9.3077,2.3158,64,1,33,2
20.593684,78.96288,26283,825,5939,2
7.54,-5.5471,179,1,7,2
58.5953,25.0136,2,0,0,2
26.0275,50.55,16667,34,11487,2
-11.2027,17.8739,86,4,21,2
61.92411,25.748151,7301,328,6880,2
-12.8275,45.166244,2434,31,2188,2
53.7267,-127.6476,2446,146,0,2
-19.015438,29.154857,13,3,0,2
37.8957,114.9042,1276,22,0,2
31.8257,117.2264,991,6,985,2
37.8957,114.9042,1276,22,0,2
48.0196,66.9237,3597,25,922,2
15.2,-86.2419,738,66,73,2
36.3427,118.1498,386,0,37,2
8.6195,0.8248,0,0,0,2
48.669,19.699,426,1,5,2
34.802075,38.99681500000001,25,2,0,2
15.2,-86.2419,0,0,0,2
-18.766947,46.869107,123,0,62,2
38.9637,35.2433,202284,5167,176965,1
0.1864,6.6131,174,3,4,2
9.9456,-9.6966,3176,20,1631,2
-42.8821,147.3272,0,0,0,2
27.6104,111.7088,4,0,0,2
31.24,36.51,1167,10,957,2
43.9424,12.4578,455,39,60,2
13.7942,-88.8965,218,7,46,2
-9.19,-75.0152,148285,4230,62791,1
30.6171,102.7103,589,3,573,2
-18.665695,35.529562,233,2,0,2
-20.348404,57.552152,343,10,331,2
16.742498,-62.187366,0,0,0,2
48.0196,66.9237,0,0,0,2
35.1917,108.8701,311,3,306,2
-0.7893,113.9213,0,0,0,2
17.607789,8.081666,952,63,796,2
47.14,9.55,79,1,77,2
53.9333,-116.5765,7383,150,0,2
13.4432,-15.3101,10,1,2,2
-3.3731,29.9189,3,0,0,2
46.8625,103.8467,161,0,43,2
27.5142,90.4336,43,0,6,2
-18.766947,46.869107,0,0,0,2
31.6927,88.0924,1,0,1,2
64.9631,-19.0208,1807,10,1794,2
-42.8821,147.3272,0,0,0,2
48.0196,66.9237,9,0,0,2
53.9333,-116.5765,10390,186,0,2
43.7333,7.4167,1,0,0,2
38.9637,35.2433,0,0,0,2
7.54,-5.5471,8164,58,3419,2
48.669,19.699,715,2,23,2
12.5211,-69.9683,0,0,0,2
3.2028,73.2207,0,0,0,2
-17.7134,178.065,18,0,18,2
52.1326,5.2913,0,0,0,2
49.8153,6.1296,1988,22,40,2
4.860416000000002,-58.93018000000001,0,0,0,2
33.93911,67.709953,30175,675,10174,2
11.8251,42.5903,1309,4,935,2
48.3794,31.1656,15648,408,3288,2
-19.015438,29.154857,479,4,63,2
19.85627,102.495496,19,0,9,2
23.8298,108.7881,254,2,252,2
18.9712,-72.2852,0,0,0,2
41.1533,20.1683,856,31,627,2
-26.5225,31.4659,1213,17,609,2
61.8926,-6.9118,187,0,187,2
43.7333,7.4167,103,4,95,2
28.1667,84.25,14,0,1,2
26.8154,106.8748,146,2,144,2
7.54,-5.5471,11194,76,5487,2
23.7,121.0,449,7,438,2
3.2028,73.2207,0,0,0,2
31.6927,88.0924,1,0,1,2
55.1694,23.8813,1577,60,1049,2
-12.4634,130.8456,0,0,0,2
40.1824,116.4142,589,8,479,2
3.9193,-56.0278,11,1,9,2
13.7942,-88.8965,0,0,0,2
64.9631,-19.0208,0,0,0,2
35.1917,108.8701,173,0,9,2
27.6104,111.7088,1018,4,960,2
49.8153,6.1296,4133,110,3959,2
-21.1151,55.5364,497,1,460,2
19.1959,109.7453,171,6,163,2
-0.228,15.8277,1087,37,456,2
17.1899,-88.4976,39,2,21,2
15.552727,48.516388,0,0,0,2
-38.4161,-63.6167,77815,1507,27597,2
53.1424,-7.6921,21,0,0,2
-21.1151,55.5364,645,3,558,2
23.685,90.3563,10929,183,1403,2
41.1129,85.2401,76,3,73,2
18.1096,-77.2975,73,4,19,2
39.3999,-8.2245,28583,1190,3328,2
-19.015438,29.154857,0,0,0,2
34.802075,38.99681500000001,58,3,0,2
12.865416,-85.207229,0,0,0,2
30.3753,69.3451,35788,770,9695,2
30.0572,107.874,579,6,570,2
-0.7893,113.9213,0,0,0,2
1.373333,32.290275,61,0,38,2
23.7,121.0,455,7,440,2
-40.9006,174.886,1504,21,1456,2
46.1512,14.9955,1916,111,1522,2
48.0196,66.9237,20319,150,12548,2
-18.766947,46.869107,193,0,101,2
43.6661,126.1923,155,2,153,2
3.848,11.5021,233,6,10,2
1.6508,10.2679,0,0,0,2
41.1533,20.1683,948,31,727,2
20.593684,78.96288,3,0,3,2
33.8547,35.8623,2859,40,1515,2
-22.9576,18.4904,16,0,3,2
26.0275,50.55,7888,12,3568,2
60.472,8.4689,7660,206,32,2
16.5388,-23.0418,1382,15,629,2
16.742498,-62.187366,11,1,10,2
15.7835,-90.2308,703,17,72,2
19.3133,-81.2546,201,1,194,2
30.9756,112.2707,68128,4512,63616,2
37.2692,106.1655,75,0,75,2
-20.348404,57.552152,332,10,314,2
37.2692,106.1655,75,0,75,2
39.3999,-8.2245,59,0,0,2
6.4238,-66.5897,3917,33,835,2
18.9712,-72.2852,0,0,0,2
49.8175,15.473,10162,333,7399,2
18.1096,-77.2975,652,10,458,2
-38.4161,-63.6167,24761,717,7568,2
46.1512,14.9955,1859,111,1488,2
46.8852,-56.3159,0,0,0,2
21.0079,-10.9408,0,0,0,2
61.52401,105.318756,673564,10011,446127,4
43.9159,17.6791,1342,51,437,2
32.3078,-64.7505,142,9,127,2
41.377491,64.585262,12027,54,7530,2
61.92411,25.748151,3681,90,1700,2
40.1824,116.4142,396,4,169,2
-0.7893,113.9213,20162,1278,4838,2
44.0165,21.0059,659,10,0,2
37.5777,112.2922,197,0,164,2
15.1794,39.7823,109,0,39,2
-27.4698,153.0251,1076,6,1063,2
-16.2902,-63.5887,42984,1577,12883,2
-21.1151,55.5364,418,0,300,2
14.058324,108.277199,16,0,14,2
64.9631,-19.0208,1833,10,1803,2
41.377491,64.585262,865,4,66,2
26.3351,17.228331,64,3,24,2
39.0742,21.8243,0,0,0,2
42.3154,43.3569,647,11,372,2
31.202,121.4491,339,3,303,2
29.1832,120.0934,1206,1,1069,2
-11.6455,43.3333,11,1,0,2
41.1533,20.1683,186,8,31,2
31.9522,35.2332,0,0,0,2
41.1533,20.1683,0,0,0,2
41.6086,21.7453,1,0,0,2
18.4207,-64.64,8,1,7,2
1.373333,32.290275,1051,0,1014,2
-0.7893,113.9213,2491,209,192,2
6.4280550000000005,-9.429499,211,20,85,2
32.427908,53.68804599999999,0,0,0,2
46.8625,103.8467,287,0,214,2
48.3794,31.1656,10861,272,1413,2
12.9843,-61.2872,12,0,1,2
49.8153,6.1296,4070,110,3929,2
38.861,71.2761,0,0,0,2
32.427908,53.68804599999999,141591,7564,111176,1
53.1355,-57.6604,257,3,0,2
-0.8037,11.6094,0,0,0,2
38.9637,35.2433,185245,4905,157516,1
39.549,116.1306,328,6,0,2
19.85627,102.495496,19,0,19,2
20.593684,78.96288,968857,24914,612768,4
12.9843,-61.2872,0,0,0,2
9.082,8.6753,0,0,0,2
50.8333,4.469936,689,4,1,2
3.9193,-56.0278,0,0,0,2
48.669,19.699,1525,28,1375,2
3.848,11.5021,8681,212,4836,2
4.210483999999999,101.975766,8640,121,8375,2
52.9399,-106.4509,0,0,0,2
43.7333,7.4167,98,4,90,2
21.9162,95.956,10,0,0,2
50.8333,4.469936,0,0,0,2
52.9399,-106.4509,0,0,0,2
-35.4735,149.0124,0,0,0,2
0.1864,6.6131,499,12,68,2
39.3999,-8.2245,50299,1719,35375,2
60.128161,18.643501,599,1,0,2
46.8852,-56.3159,0,0,0,2
27.5142,90.4336,0,0,0,2
8.6195,0.8248,1,0,0,2
-18.766947,46.869107,149,0,98,2
58.5953,25.0136,0,0,0,2
15.415,-61.371,0,0,0,2
-11.6455,43.3333,0,0,0,2
61.52401,105.318756,80949,747,6767,2
-29.61,28.2336,0,0,0,2
45.1,15.2,495,3,22,2
-35.6751,-71.543,33855,312,13112,2
46.8182,8.2275,28894,1599,21300,2
48.3794,31.1656,28077,805,12657,2
35.7518,104.2861,139,2,137,2
18.2206,-63.0686,3,0,1,2
21.0079,-10.9408,1162,61,139,2
-18.665695,35.529562,0,0,0,2
8.538,-80.7821,13463,336,9514,2
1.2833,103.8333,28038,22,9340,2
18.2206,-63.0686,0,0,0,2
33.223191,43.679291,15414,426,6214,2
15.552727,48.516388,0,0,0,2
11.8251,42.5903,1518,7,1018,2
43.6661,126.1923,151,2,123,2
61.8926,-6.9118,187,0,181,2
37.8957,114.9042,1276,22,0,2
61.92411,25.748151,3489,82,1700,2
41.377491,64.585262,767,4,42,2
-35.6751,-71.543,0,0,0,2
43.7333,7.4167,2,0,0,2
-4.0383,21.7587,0,0,0,2
15.4542,18.7322,865,74,778,2
21.9162,95.956,184,6,97,2
55.1694,23.8813,0,0,0,2
53.9333,-116.5765,6979,143,0,2
40.1824,116.4142,593,9,568,2
35.1264,33.4299,983,18,807,2
56.2639,9.5018,13547,613,12417,2
47.862,127.7615,947,13,934,2
12.2383,-1.5616,832,52,672,2
12.879721,121.774017,35455,1244,9686,2
41.2956,122.6085,140,2,124,2
-33.8688,151.2093,3168,49,2782,2
-4.6796,55.492,0,0,0,2
44.0935,113.9448,75,0,17,2
52.9399,-106.4509,289,4,0,2
23.685,90.3563,218658,2836,120976,1
-18.665695,35.529562,1557,11,0,2
-26.5225,31.4659,1826,23,850,2
48.0196,66.9237,65188,375,39066,2
-29.61,28.2336,0,0,0,2
11.55,104.9167,225,0,143,2
14.6415,-61.0242,0,0,0,2
7.54,-5.5471,3431,36,1604,2
-26.5225,31.4659,0,0,0,2
-0.228,15.8277,1557,44,501,2
31.9522,35.2332,7064,44,1084,2
30.6171,102.7103,508,3,169,2
36.3427,118.1498,788,7,777,2
26.3351,17.228331,510,10,81,2
41.87194,12.56738,3,0,0,2
-16.2902,-63.5887,3372,152,356,2
13.7942,-88.8965,137,6,22,2
9.145,40.4897,5846,103,2430,2
-37.8136,144.9631,1864,19,1712,2
52.9399,-106.4509,0,0,0,2
-29.61,28.2336,4,0,2,2
33.8547,35.8623,688,22,140,2
48.669,19.699,400,1,3,2
27.6104,111.7088,1019,4,1015,2
43.6661,126.1923,155,2,153,2
40.1824,116.4142,111,1,4,2
43.6661,126.1923,155,2,153,2
-17.7134,178.065,0,0,0,2
43.6661,126.1923,146,2,122,2
-9.19,-75.0152,0,0,0,2
26.8154,106.8748,147,2,145,2
55.1694,23.8813,0,0,0,2
23.685,90.3563,193590,2457,105523,1
64.9631,-19.0208,0,0,0,2
-0.0236,37.9062,1471,55,408,2
36.204824,138.252924,7773,156,784,2
9.145,40.4897,0,0,0,2
54.2361,-4.5481,336,24,312,2
11.8037,-15.1804,18,0,0,2
43.9159,17.6791,2704,160,2023,2
4.860416000000002,-58.93018000000001,124,10,44,2
45.9432,24.9668,184,0,16,2
40.463667,-3.74922,213024,22157,89250,1
22.3,114.2,1128,5,1077,2
33.223191,43.679291,0,0,0,2
12.8628,30.2176,0,0,0,2
54.2361,-4.5481,0,0,0,2
18.9712,-72.2852,5777,100,706,2
51.9194,19.1451,31316,1334,15698,2
51.9194,19.1451,0,0,0,2
52.9399,-106.4509,620,7,0,2
-35.6751,-71.543,0,0,0,2
19.1959,109.7453,169,6,162,2
49.8175,15.473,0,0,0,2
31.7917,-7.0926,3,1,0,2
36.1408,-5.3536,177,0,176,2
6.4238,-66.5897,10428,100,3050,2
-34.9285,138.6007,0,0,0,2
11.8037,-15.1804,50,0,3,2
31.9522,35.2332,8916,63,1921,2
36.3427,118.1498,793,7,785,2
18.7357,-70.1627,3614,189,208,2
11.8251,42.5903,4979,56,4743,2
52.9399,-106.4509,421,7,0,2
46.8852,-56.3159,1,0,0,2
45.1,15.2,0,0,0,2
12.9843,-61.2872,17,0,14,2
-12.4634,130.8456,28,0,9,2
60.472,8.4689,0,0,0,2
23.3417,113.4244,1628,8,1593,2
45.9432,24.9668,31381,1847,21129,2
37.5777,112.2922,198,0,198,2
26.3351,17.228331,0,0,0,2
19.3133,-81.2546,137,1,63,2
31.24,36.51,1001,9,697,2
41.377491,64.585262,0,0,0,2
-51.7963,-59.5236,0,0,0,2
4.210483999999999,101.975766,22,0,7,2
64.2823,-135.0,11,0,0,2
-22.3285,24.6849,0,0,0,2
5.152149,46.199616,3119,93,1457,2
7.54,-5.5471,5084,45,2505,2
12.8628,30.2176,9573,602,4606,2
47.4116,28.3699,6,0,0,2
8.6195,0.8248,0,0,0,2
-6.314993,143.95555,8,0,8,2
9.145,40.4897,0,0,0,2
-11.2027,17.8739,0,0,0,2
21.69400000000001,-71.7979,0,0,0,2
9.145,40.4897,140,3,75,2
-29.61,28.2336,0,0,0,2
43.9159,17.6791,7411,235,3335,2
1.2833,103.8333,89,0,51,2
61.52401,105.318756,21102,170,1694,2
64.2823,-135.0,11,0,0,2
49.3723,-2.3644,545,41,447,2
-23.4425,-58.4438,0,0,0,2
13.9094,-60.9789,0,0,0,2
41.87194,12.56738,245032,35082,197628,1
4.5709,-74.2973,0,0,0,2
23.424076,53.847818,24190,224,9577,2
37.2692,106.1655,75,0,75,2
47.4116,28.3699,1934,40,134,2
-22.9576,18.4904,46,0,19,2
60.472,8.4689,0,0,0,2
42.3154,43.3569,801,13,644,2
23.885942,45.079162,57345,320,28748,2
61.8926,-6.9118,0,0,0,2
1.6508,10.2679,825,7,22,2
18.0425,-63.0548,0,0,0,2
-6.369028,34.888822,509,21,183,2
18.4207,-64.64,0,0,0,2
11.8251,42.5903,0,0,0,2
14.6415,-61.0242,0,0,0,2
35.7452,95.9956,18,0,18,2
1.6508,10.2679,18,0,3,2
4.5709,-74.2973,19131,682,4575,2
18.1096,-77.2975,611,10,408,2
29.31166,47.481766,2614,15,613,2
9.145,40.4897,12,0,0,2
31.7917,-7.0926,12052,221,8740,2
9.082,8.6753,32558,740,13447,2
55.3781,-3.4360000000000004,157729,24070,0,1
42.5063,1.5218,1,0,0,2
17.607789,8.081666,1074,67,939,2
-34.9285,138.6007,420,3,120,2
-13.133897,27.849332,45,2,30,2
35.7452,95.9956,18,0,18,2
23.7,121.0,355,5,50,2
-32.5228,-55.7658,135,0,0,2
4.210483999999999,101.975766,8668,121,8476,2
40.1431,47.5769,0,0,0,2
31.7917,-7.0926,2,0,0,2
35.7452,95.9956,18,0,18,2
27.5142,90.4336,87,0,78,2
15.2,-86.2419,627,59,65,2
13.1939,-59.5432,81,7,39,2
1.2833,103.8333,40,0,2,2
13.7942,-88.8965,0,0,0,2
36.3427,118.1498,780,7,755,2
-31.9505,115.8605,551,9,528,2
38.861,71.2761,4100,47,2217,2
7.54,-5.5471,1077,14,419,2
35.1264,33.4299,26,0,0,2
-11.6455,43.3333,132,2,55,2
26.0275,50.55,1700,7,703,2
11.8037,-15.1804,0,0,0,2
43.9424,12.4578,698,42,656,2
33.93911,67.709953,16509,270,1450,2
50.8333,4.469936,60810,9713,16771,2
-17.7134,178.065,0,0,0,2
36.204824,138.252924,16958,916,14925,2
56.8796,24.6032,0,0,0,2
33.93911,67.709953,30616,703,10674,2
54.2361,-4.5481,298,6,193,2
45.9432,24.9668,794,11,79,2
46.8852,-56.3159,0,0,0,2
12.865416,-85.207229,3439,108,2492,2
53.7098,27.9534,37144,204,14449,2
-20.348404,57.552152,340,10,326,2
48.0196,66.9237,84648,585,54404,2
1.6508,10.2679,3071,51,842,2
34.802075,38.99681500000001,70,4,0,2
21.512583,55.92325500000001,1905,10,329,2
31.8257,117.2264,990,6,956,2
33.93911,67.709953,3563,106,468,2
45.1,15.2,3220,113,2210,2
48.0196,66.9237,2717,25,682,2
13.7942,-88.8965,0,0,0,2
7.9465,-1.0232,0,0,0,2
42.602636,20.902977,861,27,562,2
-17.7134,178.065,0,0,0,2
43.9159,17.6791,6877,221,3115,2
32.3078,-64.7505,118,7,64,2
15.4542,18.7322,11,0,2,2
43.9159,17.6791,0,0,0,2
-12.8275,45.166244,36,0,0,2
-18.766947,46.869107,7548,65,4286,2
18.9712,-72.2852,8,0,0,2
19.85627,102.495496,19,0,19,2
61.92411,25.748151,30,0,1,2
61.52401,105.318756,42853,361,3291,2
15.552727,48.516388,1,0,0,2
21.512583,55.92325500000001,8118,37,2067,2
19.3133,-81.2546,74,1,10,2
53.1355,-57.6604,0,0,0,2
1.6508,10.2679,12,0,0,2
30.9756,112.2707,67803,3210,63945,2
41.2956,122.6085,99,0,7,2
35.7452,95.9956,18,0,18,2
3.848,11.5021,2077,64,953,2
12.879721,121.774017,0,0,0,2
6.877000000000002,31.307,994,10,6,2
-27.4698,153.0251,1068,6,1057,2
44.0165,21.0059,5318,103,0,2
46.8625,103.8467,0,0,0,2
6.6111,20.9394,3918,48,859,2
12.865416,-85.207229,1118,46,370,2
44.0165,21.0059,0,0,0,2
9.082,8.6753,3526,107,601,2
43.7333,7.4167,23,0,1,2
-20.904305,165.618042,21,0,21,2
12.1165,-61.679,0,0,0,2
46.2276,2.2137,12,1,4,2
27.5142,90.4336,92,0,83,2
6.877000000000002,31.307,0,0,0,2
43.6661,126.1923,155,2,150,2
40.0,-100.0,1630476,98146,361239,3
10.6918,-61.2225,116,8,59,2
40.1431,47.5769,14305,174,7768,2
40.0691,45.0382,937,12,149,2
53.7609,-98.8139,0,0,0,2
44.682,-63.7443,1067,63,0,2
-29.61,28.2336,0,0,0,2
-4.0383,21.7587,14,0,0,2
29.31166,47.481766,61185,417,51520,2
12.865416,-85.207229,2846,91,1993,2
-19.015438,29.154857,0,0,0,2
40.0,-100.0,2,0,0,2
39.549,116.1306,328,6,0,2
13.9094,-60.9789,18,0,18,2
13.4432,-15.3101,3,1,0,2
3.9193,-56.0278,943,19,600,2
39.0742,21.8243,2878,171,1374,2
41.6086,21.7453,760,34,41,2
6.4280550000000005,-9.429499,1,0,0,2
-33.8688,151.2093,3090,48,2670,2
49.8175,15.473,94,0,0,2
49.8153,6.1296,3307,67,500,2
13.4432,-15.3101,0,0,0,2
32.3078,-64.7505,121,8,66,2
-22.9576,18.4904,1775,8,75,2
37.2692,106.1655,75,0,75,2
47.1625,19.5033,3867,524,2142,2
47.4116,28.3699,30,1,1,2
-26.5225,31.4659,0,0,0,2
23.6345,-102.5528,251,2,4,2
17.0608,-61.7964,65,3,22,2
23.8298,108.7881,254,2,250,2
47.5162,14.5501,0,0,0,2
9.7489,-83.7534,843,9,542,2
20.593684,78.96288,10453,358,1181,2
22.1667,113.55,46,0,46,2
19.3133,-81.2546,129,1,61,2
17.0608,-61.7964,73,3,57,2
-3.3731,29.9189,0,0,0,2
49.3723,-2.3644,0,0,0,2
18.0708,-63.0501,40,3,33,2
-13.133897,27.849332,0,0,0,2
53.1424,-7.6921,0,0,0,2
5.152149,46.199616,2204,79,418,2
9.082,8.6753,12801,361,4040,2
-4.6796,55.492,0,0,0,2
47.4116,28.3699,125,1,2,2
22.1667,113.55,45,0,24,2
31.9522,35.2332,0,0,0,2
30.6171,102.7103,599,3,592,2
3.9339,-53.1258,5,0,0,2
-18.665695,35.529562,0,0,0,2
23.3417,113.4244,1602,8,1585,2
49.3723,-2.3644,581,47,512,2
15.870032,100.992541,3141,58,2997,2
44.0165,21.0059,22443,508,0,2
18.1096,-77.2975,678,10,521,2
20.593684,78.96288,244,5,20,2
-13.133897,27.849332,0,0,0,2
-32.5228,-55.7658,732,19,553,2
55.3781,-3.4360000000000004,60792,5866,135,2
4.5709,-74.2973,158,0,1,2
14.058324,108.277199,373,0,352,2
37.5777,112.2922,198,0,198,2
52.9399,-106.4509,305,4,0,2
43.9159,17.6791,8479,255,3755,2
53.7098,27.9534,11289,75,1740,2
53.1355,-57.6604,3,0,0,2
42.3154,43.3569,1028,15,899,2
4.860416000000002,-58.93018000000001,7,1,0,2
14.6415,-61.0242,158,8,73,2
1.373333,32.290275,160,0,66,2
34.802075,38.99681500000001,47,3,0,2
8.538,-80.7821,26030,501,14359,2
47.4116,28.3699,15078,495,8400,2
43.9424,12.4578,426,38,55,2
29.31166,47.481766,38074,308,29512,2
40.0,-100.0,2510259,126120,679308,0
55.3781,-3.4360000000000004,2630,28,18,2
21.69400000000001,-71.7979,14,1,11,2
-6.369028,34.888822,509,21,183,2
-3.3731,29.9189,104,1,75,2
14.4974,-14.4524,207,1,66,2
-1.8312,-78.1834,53156,4343,26097,2
40.0691,45.0382,3718,48,1500,2
17.9,-62.8333,6,0,6,2
12.1165,-61.679,12,0,0,2
41.1129,85.2401,76,3,73,2
8.538,-80.7821,0,0,0,2
8.460555000000001,-11.779889,0,0,0,2
-42.8821,147.3272,89,2,26,2
3.9339,-53.1258,0,0,0,2
27.614,115.7221,937,1,936,2
10.6918,-61.2225,126,8,109,2
0.1864,6.6131,0,0,0,2
39.549,116.1306,311,6,0,2
-13.2543,34.3015,5,0,0,2
26.0789,117.9874,363,1,360,2
13.7942,-88.8965,0,0,0,2
-0.0236,37.9062,3727,104,1286,2
42.7339,25.4858,2372,125,769,2
36.3427,118.1498,75,0,0,2
-12.4634,130.8456,29,0,26,2
-13.133897,27.849332,1531,21,1233,2
8.538,-80.7821,0,0,0,2
-21.1151,55.5364,410,0,238,2
-0.8037,11.6094,0,0,0,2
-23.4425,-58.4438,1379,13,871,2
36.3427,118.1498,784,7,758,2
40.1431,47.5769,4759,56,3022,2
-9.19,-75.0152,0,0,0,2
55.1694,23.8813,1547,59,997,2
-30.5595,22.9375,3,0,0,2
33.8547,35.8623,721,24,150,2
64.2823,-135.0,11,0,0,2
46.8182,8.2275,30972,1923,28700,2
-19.015438,29.154857,0,0,0,2
30.0572,107.874,579,6,573,2
50.8333,4.469936,10836,431,1359,2
18.2206,-63.0686,0,0,0,2
53.7098,27.9534,1,0,0,2
47.1625,19.5033,73,1,2,2
4.5353,114.7277,141,2,138,2
15.870032,100.992541,3000,55,2784,2
26.820553000000004,30.802498,66754,2872,17951,2
-18.766947,46.869107,9690,91,6260,2
-19.015438,29.154857,44,4,17,2
17.357822,-62.782998,0,0,0,2
-18.665695,35.529562,104,0,0,2
60.128161,18.643501,1,0,0,2
60.128161,18.643501,73061,5433,0,2
26.820553000000004,30.802498,76222,3422,21238,2
5.152149,46.199616,2618,88,577,2
1.373333,32.290275,1043,0,1004,2
17.0608,-61.7964,0,0,0,2
18.1096,-77.2975,665,10,516,2
4.5353,114.7277,141,1,132,2
12.1165,-61.679,23,0,23,2
41.377491,64.585262,0,0,0,2
-0.8037,11.6094,80,1,4,2
18.7357,-70.1627,0,0,0,2
4.860416000000002,-58.93018000000001,290,16,134,2
23.885942,45.079162,0,0,0,2
30.3753,69.3451,0,0,0,2
7.873054,80.77179699999998,771,9,213,2
64.9631,-19.0208,1830,10,1803,2
21.521757,-77.78116700000002,0,0,0,2
46.1512,14.9955,1439,96,241,2
52.9399,-106.4509,193,3,0,2
35.7518,104.2861,139,2,137,2
-9.19,-75.0152,1746,73,914,2
42.3154,43.3569,306,3,71,2
23.885942,45.079162,136315,1052,89540,1
18.1096,-77.2975,657,10,462,2
12.9843,-61.2872,12,0,2,2
43.7333,7.4167,102,4,95,2
37.2692,106.1655,71,0,44,2
-8.874217,125.727539,24,0,0,2
-35.4735,149.0124,0,0,0,2
16.5388,-23.0418,7,1,0,2
4.860416000000002,-58.93018000000001,0,0,0,2
18.7357,-70.1627,18708,525,11736,2
9.145,40.4897,494,5,151,2
49.3723,-2.3644,351,8,38,2
31.046051,34.851612,0,0,0,2
15.1794,39.7823,39,0,13,2
-26.5225,31.4659,1351,20,668,2
33.886917,9.537499,975,40,279,2
64.2823,-135.0,13,0,0,2
10.6918,-61.2225,115,8,48,2
21.521757,-77.78116700000002,1703,69,1001,2
16.265,-61.551,0,0,0,2
39.3054,117.323,193,3,189,2
-19.015438,29.154857,1064,20,343,2
31.6927,88.0924,1,0,1,2
3.2028,73.2207,0,0,0,2
33.93911,67.709953,13036,235,1209,2
9.7489,-83.7534,1461,12,722,2
17.570692,-3.996166000000001,39,3,0,2
39.3054,117.323,198,3,193,2
11.55,104.9167,114,0,50,2
41.20438,74.766098,1002,12,675,2
46.8852,-56.3159,1,0,0,2
4.5709,-74.2973,0,0,0,2
28.1667,84.25,1212,6,206,2
8.538,-80.7821,53468,1096,28482,2
35.7452,95.9956,18,0,3,2
32.9711,119.455,653,0,653,2
12.5211,-69.9683,77,0,14,2
21.521757,-77.78116700000002,2399,86,2242,2
13.4432,-15.3101,24,1,13,2
55.1694,23.8813,1951,80,1607,2
23.7,121.0,10,0,0,2
12.2383,-1.5616,766,51,588,2
61.52401,105.318756,1836,9,66,2
13.7942,-88.8965,7777,217,4573,2
43.6661,126.1923,155,2,128,2
51.2538,-85.3232,3,0,0,2
31.046051,34.851612,38670,362,19008,2
55.3781,-3.4360000000000004,629,3,18,2
9.145,40.4897,0,0,0,2
53.1355,-57.6604,261,3,0,2
33.223191,43.679291,1928,90,1319,2
23.6345,-102.5528,268008,32014,209437,1
25.025885,-78.035889,124,11,91,2
17.607789,8.081666,937,60,764,2
15.870032,100.992541,3158,58,3038,2
37.5777,112.2922,198,0,198,2
41.1129,85.2401,76,3,73,2
4.860416000000002,-58.93018000000001,82,9,22,2
31.24,36.51,0,0,0,2
-0.228,15.8277,2222,47,589,2
23.7,121.0,16,0,1,2
17.1899,-88.4976,0,0,0,2
43.9159,17.6791,3,0,0,2
12.5211,-69.9683,0,0,0,2
8.6195,0.8248,0,0,0,2
10.6918,-61.2225,0,0,0,2
18.7357,-70.1627,13223,441,6613,2
-29.61,28.2336,1,0,0,2
53.1424,-7.6921,25509,1741,23364,2
46.5107,-63.4168,27,0,0,2
32.427908,53.68804599999999,16169,988,5389,2
36.3427,118.1498,788,7,777,2
51.9194,19.1451,1638,18,7,2
43.6661,126.1923,151,2,123,2
-13.2543,34.3015,0,0,0,2
43.7333,7.4167,93,1,6,2
15.552727,48.516388,0,0,0,2
55.3781,-3.4360000000000004,260388,39812,0,1
34.802075,38.99681500000001,0,0,0,2
9.145,40.4897,7402,124,2430,2
12.1696,-68.99,0,0,0,2
8.6195,0.8248,363,12,121,2
-0.0236,37.9062,6673,149,2089,2
23.8298,108.7881,254,2,252,2
12.9843,-61.2872,12,0,1,2
40.0,-100.0,608878,30780,47763,1
-18.766947,46.869107,2512,26,1057,2
11.8037,-15.1804,0,0,0,2
39.549,116.1306,328,6,0,2
7.9465,-1.0232,24248,135,19831,2
35.7452,95.9956,18,0,18,2
-16.2902,-63.5887,210,15,2,2
23.8298,108.7881,254,2,252,2
18.0425,-63.0548,0,0,0,2
13.4432,-15.3101,0,0,0,2
42.7339,25.4858,1234,54,197,2
16.265,-61.551,174,14,157,2
37.5777,112.2922,168,0,134,2
55.1694,23.8813,1438,41,467,2
17.607789,8.081666,696,29,350,2
12.2383,-1.5616,0,0,0,2
-1.9403,29.8739,153,0,84,2
39.0742,21.8243,3237,189,1374,2
47.14,9.55,1,0,1,2
15.2,-86.2419,2,0,0,2
11.8251,42.5903,2914,20,1241,2
15.1794,39.7823,39,0,39,2
-9.19,-75.0152,326326,11870,217111,1
21.0079,-10.9408,8,1,6,2
-0.0236,37.9062,172,6,7,2
-20.348404,57.552152,0,0,0,2
52.1326,5.2913,34134,3916,0,2
-33.8688,151.2093,4,0,2,2
9.9456,-9.6966,0,0,0,2
33.223191,43.679291,6439,205,3156,2
12.865416,-85.207229,0,0,0,2
40.1824,116.4142,929,9,762,2
37.2692,106.1655,75,0,75,2
35.9375,14.3754,0,0,0,2
-4.0383,21.7587,0,0,0,2
9.3077,2.3158,244,3,148,2
46.8182,8.2275,652,4,4,2
24.2155,-12.8858,6,0,5,2
21.69400000000001,-71.7979,0,0,0,2
-0.228,15.8277,3038,51,756,2
51.165691,10.451526,2078,3,25,2
53.1355,-57.6604,257,3,0,2
19.85627,102.495496,19,0,18,2
-20.348404,57.552152,343,10,331,2
37.8957,114.9042,9,0,0,2
44.682,-63.7443,1061,62,0,2
-14.235,-51.9253,190137,13240,78424,1
34.802075,38.99681500000001,0,0,0,2
12.879721,121.774017,14669,886,3412,2
15.7835,-90.2308,900,24,101,2
40.463667,-3.74922,6,0,2,2
41.1129,85.2401,76,3,73,2
27.5142,90.4336,5,0,2,2
41.1129,85.2401,76,3,73,2
1.6508,10.2679,0,0,0,2
53.1424,-7.6921,223,2,5,2
-1.9403,29.8739,314,0,216,2
-22.3285,24.6849,0,0,0,2
19.3133,-81.2546,94,1,55,2
42.602636,20.902977,6917,169,3753,2
40.463667,-3.74922,212917,24275,108947,1
13.1939,-59.5432,108,7,94,2
41.20438,74.766098,0,0,0,2
3.848,11.5021,12592,313,10100,2
-12.8275,45.166244,1587,20,894,2
12.9843,-61.2872,0,0,0,2
50.8333,4.469936,64627,9808,17347,2
46.1512,14.9955,1492,109,1359,2
9.145,40.4897,9,0,0,2
23.8298,108.7881,254,2,250,2
53.7267,-127.6476,0,0,0,2
15.415,-61.371,16,0,13,2
-8.874217,125.727539,24,0,0,2
